ano_eje;sec_ejec;pliego;ejecutora;origen;fuente_financ_agregada;fuente_financ;tipo_recurso;tipo_transaccion;generica;subgenerica;subgenerica_det;especifica;especifica_det;presupuesto;modificacion;pim;m01;m02;m03;m04;m05;m06;m07;m08;m09;m10;m11;m12;total_prog;saldo;porcentaje
2017;301280;;;;2;;;1;1; 5; 3; 1; 1;607475;0;607475;54079.99;23189.79;42089.42;29698.72;39094.79;28107.93;33359.24;33661.57;34269.68;30850;17083.28;22971.67;388456.08;219018.92;63.95
2017;301280;;;;2;;;1;1; 5; 3; 2; 1;4123362;0;4123362;220446.6;178330.04;502110.21;250963.81;435115.51;250715.19;340697.29;688390.05;267255.86;10190.68;16217.55;13633.04;3174065.83;949296.17;76.98
2017;301280;;;;2;;;1;3; 1; 9; 1; 2;4801;0;4801;50;355;110;30;113.5;38.5;218;485.3;0;30;45;110;1585.3;3215.7;33.02
2017;301280;;;;2;;;1;3; 2; 1; 1; 1;246450;48070;294520;28421.5;27236.2;32150.4;25720.9;20377.4;22878.5;21961.4;21333.35;22916.3;24315.2;12629.2;18237;278177.35;16342.65;94.45
2017;301280;;;;2;;;1;3; 2; 3; 1; 1;12859;0;12859;1252;913;1128;1086;922;919;684;817;1225;1389;821;632;11788;1071;91.67
2017;301280;;;;2;;;1;3; 2; 4; 1; 4;40776;2484;43260;4326;3502;3090;2884;2472;2472;2678;3399;2163;2369;2060;1459.4;32874.4;10385.6;75.99
2017;301280;;;;2;;;1;3; 2; 4; 1; 6;621273;0;621273;48355.2;45498.7;45600.2;46890.8;42631.8;34748.1;41974.5;45469;41240.2;36309.3;37644.7;30799.8;497162.3;124110.7;80.02
2017;301280;;;;2;;;1;3; 2; 4; 1; 7;6888;2172;9060;372.5;257.6;579.6;483;692.3;630.7;740.7;680.6;877.2;402.5;275.9;266.4;6259;2801;69.08
2017;301280;;;;2;;;1;3; 2; 5; 1;99;0;0;0;0;0;0;0;0;0;909;-909;0;0;0;0;0;0;0
2017;301280;;;;2;;;1;3; 2; 5; 2; 1;386974;0;386974;35986.6;32238;35725.9;37418.2;37758.8;38683.9;43833.8;55262.6;52341;35540.5;47179.4;50952.7;502921.4;-115947.4;129.96
2017;301280;;;;2;;;1;3; 2; 5; 2;99;339267;0;339267;22613.2;21450.8;29566.1;27282.6;27193.6;35570.1;27627.3;36696.9;32764;33362.7;36348.4;22672;353147.7;-13880.7;104.09
2017;301280;;;;2;;;1;3; 2; 8; 1; 6;2565612;0;2565612;152538.5;140882;154491.5;114937.5;141983;127447;114433;69547.5;0;0;0;0;1016260;1549352;39.61
2017;301280;;;;2;;;1;3; 2; 8; 1;99;0;0;0;0;0;0;0;595.2;0;0;0;0;0;0;0;595.2;-595.2;0
2017;301280;;;;2;;;1;3; 2; 9; 1; 4;83032;48015;131047;13746.6;12363.3;13745.8;13451.1;12370.9;16974.3;14256.4;18424.9;18542.9;17539.1;15298.1;9812.1;176525.5;-45478.5;134.7
2017;301280;;;;2;;;1;3; 2; 9; 1; 5;38776;0;38776;0;0;0;9659.4;35801.4;0;0;0;0;0;0;0;45460.8;-6684.8;117.24
2017;301280;;;;2;;;1;3; 2; 9; 1; 6;367178;0;367178;24970.4;33082;26210.8;12694.5;26327;32148.9;20995.8;24313.8;21042;27358.8;20677.3;14154.7;283976;83202;77.34
2017;301280;;;;2;;;1;3; 2; 9; 1;99;121;0;121;0;36.7;0;0;0;0;0;36.7;36.7;0;0;36.7;146.8;-25.8;121.32
2017;301280;;;;2;;;1;3; 2;10; 1; 1;0;0;0;0;0;0;0;0;0;38.7;-38.7;0;0;0;0;0;0;0
2017;301280;;;;2;;;1;3; 2;10; 1; 5;62414;11057;73471;4085.6;3916.5;4682.3;4621.4;5423.6;2458;3685;3470.5;5195.5;6642.2;6379.5;4358.1;54918.2;18552.8;74.75
2017;301280;;;;2;;;1;3; 2;10; 1;11;279;0;279;21;47.6;46.2;10.5;21;30.8;2.1;97.5;39.9;75.4;67.5;68.3;527.8;-248.8;189.18
2017;301280;;;;2;;;1;3; 2;10; 1;99;156070;475966;632036;8965.53;58074.59;15599.06;6905.49;5247.94;3400.12;4217.16;3262.6;2428.48;0;0;0;108100.97;523935.03;17.1
2017;301280;;;;2;;;1;3; 3; 1; 1; 2;873;55419;56292;36;60;0;60;48;60;96;168;708;804;780;696;3516;52776;6.25
2017;301280;;;;2;;;1;3; 3; 3; 1; 2;63291;0;63291;25060;12280;6460;7390;6160;5350;4320;5930;4980;5540;3740;24620;111830;-48539;176.69
2017;301280;;;;2;;;1;3; 3; 3; 1;99;2224;0;2224;5958.6;13159.1;7935.4;7413.5;13529.5;7994.5;11233.6;13754.1;15490;10130.7;13711.9;15302;135612.9;-133388.9;6097.7
2017;301280;;;;2;;;1;3; 3; 3; 2;99;811448;308552;1120000;141740;69276;74800;82680;102150;74625;67810;86960;98490;110990.66;86550;72440;1068511.66;51488.34;95.4
2017;301280;;;;2;;;1;3; 3; 4; 1; 1;14900;0;14900;805.5;1796.5;962.5;858;792.5;693;678;499;668;713;1363;1030;10859;4041;72.88
2017;301280;;;;2;;;1;3; 3; 4; 2; 1;51030;0;51030;3001.2;3874.6;4076;4254.1;6545;10047;24005;27121;1385.1;1008;340;724.2;86381.2;-35351.2;169.28
2017;301280;;;;2;;;1;3; 3; 4; 2;99;0;0;0;0;0;0;0;0;0;0;0;0;1583.08;0;0;1583.08;-1583.08;0
2017;301280;;;;2;;;1;3; 3; 5; 1; 1;932519;0;932519;73211.56;55689.14;71039.3;69525.56;77130.56;68064.04;62072.02;93575.38;78614.8;75245.54;67736.5;42032.14;833936.54;98582.46;89.43
2017;301280;;;;2;;;1;3; 3; 9; 2; 4;10065;0;10065;1355.1;420.1;1902.3;618.8;315.7;1535.9;1403;1500.1;2547.3;1201.8;1856.4;741.1;15397.6;-5332.6;152.98
2017;301280;;;;2;;;1;3; 3; 9; 2; 7;276339;922464;1198803;57876.9;53453.25;48379.5;29456.45;45822.65;34694.95;32320.4;38517.6;35698.6;44444.85;37793.35;54488.65;512947.15;685855.85;42.79
2017;301280;;;;2;;;1;3; 3; 9; 2; 9;883833;0;883833;17502.45;94892.7;375797.55;305508.45;369507.81;295766.78;240312.17;275740.18;252254.13;560223.79;288816.12;494261.88;3570584.01;-2686751.01;403.99
2017;301280;;;;2;;;1;3; 3; 9; 2;15;578472;0;578472;54364.3;35484.1;7126.4;36965.9;37239.3;10818;30310.7;87480.7;29950;11428;24663.6;10232.1;376063.1;202408.9;65.01
2017;301280;;;;2;;;1;3; 3; 9; 2;23;17643383;1050038;18693421;691586.26;6375556.47;1312767.19;758178.6;2149670.37;737152.61;747599.06;2085825.13;701284.35;541138.79;2296577.2;726359.84;19123695.87;-430274.87;102.3
2017;301280;;;;2;;;1;3; 3; 9; 2;24;32900140;1924232;34824372;1365756.87;10345705.03;2354938.71;1413371.03;4023660.48;1382039.75;2266256.15;3906643.87;1283241.6;1403153.27;3475589.7;1300413.97;34520770.43;303601.57;99.13
2017;301280;;;;2;;;1;3; 3; 9; 2;27;13802764;2230009;16032773;545873.05;4909996.13;928585.1;685412.65;1927064.44;519687.23;684435.76;1903941.56;491219.82;580046.1;2207623.58;530778.33;15914663.75;118109.25;99.26
2017;301280;;;;2;;;1;5; 1; 1; 1; 1;0;0;0;57380.61;56936.75;129645.74;0;112102.46;367945.72;60886.32;275679.07;64178.72;242547.5;51083.23;168709.31;1587095.43;-1587095.43;0
2017;301280;;;;2;;;1;5; 1; 2; 2;99;562273;0;562273;43171.07;48806.64;45658.2;48919.14;49886.37;62205;86737.8;62657.45;83625.05;59232.47;57015.25;58408.36;706322.8;-144049.8;125.62
2017;301280;;;;2;;;1;5; 2; 1; 1; 1;4161922;0;4161922;466472.18;495315.59;538573.48;325158.2;423759.42;333011.46;400578.46;585470.08;439101.1;449707.55;349560.25;436470.69;5243178.46;-1081256.46;125.98
2017;301280;;;;2;;;1;5; 2; 1; 1; 3;0;0;0;0;0;0;0;0;0;1104.35;-1104.35;0;0;0;0;0;0;0
2017;301280;;;;2;;;1;5; 2; 1; 5; 1;368980;5146900;5515880;0;0;0;0;0;0;0;0;0;43137.01;0;82399.22;125536.23;5390343.77;2.28
2017;301280;;;;2;;;1;5; 2; 1; 6;99;331112;0;331112;1064.31;0;726.53;0;0;0;0;0;0;0;0;0;1790.84;329321.16;0.54
2017;301280;;;;2;;;1;5; 5; 1; 1;99;0;430000;430000;0;0;0;0;0;0;0;0;1108671;0;0;0;1108671;-678671;257.83
2017;301280;;;;2;;;1;5; 5; 1; 4; 2;0;0;0;0;0;0;0;0;0;0;0;0;0;0;34575.11;34575.11;-34575.11;0
2017;301280;;;;2;;;1;5; 5; 1; 4;99;1144538;697263;1841801;1330503.64;353174.55;127724.29;501805.45;253360.56;3535837.26;161631.8;277654.49;406271.7;91905.93;222026.8;58935.51;7320831.98;-5479030.98;397.48
2017;301280;;;;2;;;1;9; 1; 1; 1; 1;0;4954008;4954008;5298136.5;-372298.01;-186.52;-1498.97;-202853;-46640.03;-51532.53;-36589.49;-11283.2;-6527.42;-25136.66;-80010.48;4463580.19;490427.81;90.1
2017;301280;;;;4;;;1;9; 1; 1; 1; 1;0;10238;10238;10238;0;0;0;0;0;0;0;0;0;0;0;10238;0;100
2017;301280;;;;5;;;1;1; 2; 1; 1; 1;78433364;3942698;82376062;3932767.48;33764281.74;5442473.68;2649347.67;8427257.45;2904125.42;2232457.1;7349280.61;2632750.26;1438381.43;6730315.15;2451189.08;79954627.07;2421434.93;97.06
2017;301280;;;;5;;;1;1; 2; 1; 2; 1;19025543;3064527;22090070;0;0;5618509.35;1429642.54;1251965.02;2717413.78;1727657.99;2586013.56;1220080.96;2467816.16;3053551.55;3635233.57;25707884.48;-3617814.48;116.38
2017;301280;;;;5;;;1;1; 3; 3; 3; 1;1304994;0;1304994;27643.9;0;192229.47;0;67672.18;69556.01;73314.38;151501.19;68927.27;87813.42;80430.22;60713.83;879801.87;425192.13;67.42
2017;301280;;;;5;;;1;1; 3; 3; 3; 4;381255;0;381255;9727.17;52564.82;9437.51;18260.35;14925;8153.5;27287.38;0;14430.03;24139;76.02;25637.2;204637.98;176617.02;53.67
2017;301280;;;;5;;;1;1; 3; 3; 3; 5;6158675;0;6158675;414322.59;0;1082555.26;0;492559.11;523954.79;498377.65;970559.59;528375.43;486682.48;435042.57;451014.34;5883443.81;275231.19;95.53
2017;301280;;;;5;;;1;1; 5; 2; 1; 1;79906;501522;581428;2995.92;4181.88;3338.17;4482.12;5956.73;8624.94;6535.44;12405.13;10426.26;242276.04;228938.59;257369.07;787530.29;-206102.29;135.45
2017;301280;;;;5;;;1;4; 1; 4; 1; 3;5363;0;5363;0;0;0;0;0;0;0;4177.44;0;0;0;0;4177.44;1185.56;77.89
2017;301280;;;;5;;;1;4; 1; 4; 1; 5;5491;0;5491;457.61;457.61;457.61;0;457.61;457.61;0;1649.4;549.8;549.8;549.8;549.8;6136.65;-645.65;111.76
2017;301280;;;;5;;;1;4; 1; 4; 1; 6;0;0;0;0;0;0;0;0.02;0;0;0;1.89;0;0;0;1.91;-1.91;0
2017;301280;;;;5;;;1;4; 1; 4; 2; 1;2475;0;2475;648.61;0;0;0;599.48;0;0;624.92;0;643.98;0;0;2516.99;-41.99;101.7
2017;301280;;;;5;;;1;4; 1; 4; 5; 1;1760191;0;1760191;141799.51;0;266772.41;0;123167.76;122032.67;143175.03;270362.99;157774.18;143954.71;160579.8;151414.21;1681033.27;79157.73;95.5
2017;301280;;;;5;;;1;4; 1; 4; 6; 3;0;289920;289920;0;0;0;0;0;190923;0;0;0;98997;0;0;289920;0;100
2017;301280;;;;5;;;1;5; 1; 1; 1; 1;0;0;0;0;0;0;0;60501.76;67279.07;25780.71;37283;32884.41;40507.77;20575.13;25279.46;310091.31;-310091.31;0
2017;301280;;;;5;;;1;9; 1; 1; 1; 1;0;17792752;17792752;17821174.93;-39993.88;-1564.63;-125881.52;-10803.63;-361475.2;-1734.06;-6116.12;-29.37;-363.4;-147.4;-23907.08;17249158.64;543593.36;96.94
2018;301280;;;1;2;09;0;1;1; 5; 3; 1; 1;644630;0;644630;26134.83;25058.25;43067.01;35387.51;26097.95;21402.04;83000.95;24734.78;17138.41;26300.14;32592.24;23603.6;384517.71;260112.29;59.65
2018;301280;;;1;2;09;0;1;1; 5; 3; 1;99;0;0;0;0;0;0;202.98;0;0;21.69;0;0;0;0;0;224.67;-224.67;0
2018;301280;;;1;2;09;0;1;1; 5; 3; 2; 1;3711959;0;3711959;6464.65;5183.08;17622.84;13476.42;283410.85;597911.25;326271.65;432209.33;381525.21;344031.63;393766.16;357078.31;3158951.38;553007.62;85.1
2018;301280;;;1;2;09;0;1;3; 1; 9; 1; 2;5003;0;5003;460;100;109;65;30;870;0;100;1000;60;30;510;3334;1669;66.64
2018;301280;;;1;2;09;0;1;3; 2; 1; 1; 1;332049;0;332049;17924.7;18883.7;23519.9;10621.9;17414;12897.6;19647.8;23500.7;15430.9;29492.2;15462.2;13470.2;218265.8;113783.2;65.73
2018;301280;;;1;2;09;0;1;3; 2; 3; 1; 1;11891;0;11891;1394;979;1026;985;931;713;936;987;1026;901;642;544;11064;827;93.05
2018;301280;;;1;2;09;0;1;3; 2; 3; 1;99;0;0;0;618;0;0;0;0;0;0;0;0;0;0;0;618;-618;0
2018;301280;;;1;2;09;0;1;3; 2; 4; 1; 4;40788;0;40788;3193;3296;2369;1957;1751;1648;2884;2369;2266;1854;2163;1442;27192;13596;66.67
2018;301280;;;1;2;09;0;1;3; 2; 4; 1; 6;504960;0;504960;48293.3;36951;41480.1;38949.9;40938.9;31192.7;40999.8;37333;37735.8;36409.8;32615.5;27184;450083.8;54876.2;89.13
2018;301280;;;1;2;09;0;1;3; 2; 4; 1; 7;10200;0;10200;954.3;826.1;761.1;614;941;439.1;781.2;928.9;745.6;949.9;665.1;533.5;9139.8;1060.2;89.61
2018;301280;;;1;2;09;0;1;3; 2; 5; 2; 1;355187;0;355187;59272;46289.4;39509.1;55284;62443.8;52613.5;61064.3;51702.7;43624;58756.6;53367.4;63637.3;647564.1;-292377.1;182.32
2018;301280;;;1;2;09;0;1;3; 2; 5; 2;99;180324;0;180324;22462.9;26045.2;33102.3;34855.7;33454.9;34803.2;31016.9;38947.4;38163;41166.8;36944.5;31452.6;402415.4;-222091.4;223.16
2018;301280;;;1;2;09;0;1;3; 2; 8; 1; 6;1174789;0;1174789;0;0;0;0;0;0;185.5;2117.5;2205;1249.5;500.5;1358;7616;1167173;0.65
2018;301280;;;1;2;09;0;1;3; 2; 9; 1; 4;393540;0;393540;14243.2;12985.7;11799.7;0;0;0;0;0;0;0;18891.2;28169.1;86088.9;307451.1;21.88
2018;301280;;;1;2;09;0;1;3; 2; 9; 1; 5;14388;0;14388;0;0;0;3548.6;2793.8;0;0;0;161.3;0;0;161.3;6665;7723;46.32
2018;301280;;;1;2;09;0;1;3; 2; 9; 1; 6;249111;0;249111;19679.1;20036.8;21665.7;26065.9;22876.7;36069.6;29088.5;23832.2;22061.9;25349.8;21240.1;14004.2;281970.5;-32859.5;113.19
2018;301280;;;1;2;09;0;1;3; 2; 9; 1;99;171;0;171;36.7;0;0;36.7;0;36.7;0;0;36.7;0;36.7;0;183.5;-12.5;107.31
2018;301280;;;1;2;09;0;1;3; 2;10; 1; 5;2311;0;2311;4517.5;3003.4;2656.9;2351.7;5101.2;4361.9;4217.5;4105.4;4661.4;6254.9;8133.6;-1566.7;47798.7;-45487.7;2068.31
2018;301280;;;1;2;09;0;1;3; 2;10; 1;11;442;0;442;113.1;257.7;37.8;19.7;52.9;213.4;52;73.2;54.2;62;75.8;62.9;1074.7;-632.7;243.14
2018;301280;;;1;2;09;0;1;3; 2;10; 1;99;60895;0;60895;0;0;0;0;4693.38;4251.78;3294.46;1918.91;1756.56;2719.83;1436.33;1480.32;21551.57;39343.43;35.39
2018;301280;;;1;2;09;0;1;3; 3; 1; 1; 2;58354;0;58354;852;1260;792;876;744;1092;852;420;684;684;540;372;9168;49186;15.71
2018;301280;;;1;2;09;0;1;3; 3; 3; 1; 2;111243;0;111243;14130;5510;8850;8550;8350;7950;9510;8060;8450;8550;5750;13180;106840;4403;96.04
2018;301280;;;1;2;09;0;1;3; 3; 3; 1;99;360320;0;360320;8110;24485.5;926;7566;13733.9;10946.7;9721.1;12257.6;10483.3;11353.4;16028.9;22349.8;147962.2;212357.8;41.06
2018;301280;;;1;2;09;0;1;3; 3; 3; 2;99;1080000;0;1080000;149690;102310;92540;100290;108700;80170;87670;101771.14;86280;95965;95930;79158;1180474.14;-100474.14;109.3
2018;301280;;;1;2;09;0;1;3; 3; 4; 1; 1;18600;0;18600;1966;1592;1104.5;858.5;1195;1172.5;1675.5;969;883;1575;675;1098;14764;3836;79.38
2018;301280;;;1;2;09;0;1;3; 3; 4; 2; 1;46180;0;46180;442.3;3102.7;722.6;1222;2936.2;10205;17888.5;11892.4;14159;871.1;7608.6;3155.1;74205.5;-28025.5;160.69
2018;301280;;;1;2;09;0;1;3; 3; 5; 1; 1;615135;0;615135;73145.8;67244.9;84899.46;90063.16;83491.3;66092.32;102004.03;88015.88;94737.26;48245.46;43673.94;50819.76;892433.27;-277298.27;145.08
2018;301280;;;1;2;09;0;1;3; 3; 9; 2; 4;12148;0;12148;993;1856.2;1219.7;2154.5;1494.21;297.8;1408.3;1603.6;759;1563.2;2299.7;817.5;16466.71;-4318.71;135.55
2018;301280;;;1;2;09;0;1;3; 3; 9; 2; 7;414658;0;414658;32169.05;35627.55;34247.55;4422.15;0;192.4;0;0;0;0;12268.5;13370.9;132298.1;282359.9;31.91
2018;301280;;;1;2;09;0;1;3; 3; 9; 2; 9;2604314;0;2604314;389662.78;609245.83;362092.61;329429.93;390939.38;335391.79;408546.27;296671.81;260689.62;282071.76;271046.29;246629.88;4182417.95;-1578103.95;160.6
2018;301280;;;1;2;09;0;1;3; 3; 9; 2;15;32635;0;32635;52604.1;3715.7;6489.8;3445.6;55514.5;25212.1;9450.9;65577.9;17420;30139.5;6733.3;17692.6;293996;-261361;900.86
2018;301280;;;1;2;09;0;1;3; 3; 9; 2;23;19059909;0;19059909;810179.93;6883913.97;1332303;920062.47;1849780.88;971577.21;641787.47;1815492.97;709731.59;705915.34;2002384.63;807981.45;19451110.91;-391201.91;102.05
2018;301280;;;1;2;09;0;1;3; 3; 9; 2;24;35017287;0;35017287;1694245.06;10831339.21;2804245.89;1177847.39;3152641.5;1897322.05;1437434.74;3200424.68;2567086.74;1624961.24;3458449.37;1183506.85;35029504.72;-12217.72;100.03
2018;301280;;;1;2;09;0;1;3; 3; 9; 2;27;16346206;0;16346206;703160.79;5869451.95;929680.43;623590.82;1974146.93;702333.38;532894.88;1868404.9;593487.67;619117.42;2087876.51;556830.5;17060976.18;-714770.18;104.37
2018;301280;;;1;2;09;0;1;5; 1; 1; 1; 1;0;908723;908723;53830.61;46701.88;97971.81;133675.32;162755.9;107279.68;143320.36;85878.29;77308.67;61470.5;23157.04;161596.35;1154946.41;-246223.41;127.1
2018;301280;;;1;2;09;0;1;5; 1; 2; 2;99;1194047;0;1194047;57542.44;75844.15;64240.92;60986.89;64519.28;482110.51;64356.77;85925.41;66573.82;67034.99;62399.17;79357.72;1230892.07;-36845.07;103.09
2018;301280;;;1;2;09;0;1;5; 2; 1; 1; 1;5840590;0;5840590;432782.14;566917.57;634088.18;852808.87;666479.6;456954.55;501089.32;540239.41;468056.75;539247.1;602048.62;446381.89;6707094;-866504;114.84
2018;301280;;;1;2;09;0;1;5; 2; 1; 5; 1;568481;0;568481;23884.25;0;0;21288.06;51029.17;41049;0;25893.3;58868.15;0;16327.38;0;238339.31;330141.69;41.93
2018;301280;;;1;2;09;0;1;5; 2; 1; 6;99;608006;0;608006;0;0;0;0;0;0;0;0;0;0;0;0;0;608006;0
2018;301280;;;1;2;09;0;1;5; 2; 2; 1; 3;0;0;0;0;0;0;0;0;0;0;0;0;22848;0;0;22848;-22848;0
2018;301280;;;1;2;09;0;1;5; 2; 2; 1;99;0;0;0;0;0;6225;9560.15;55391.98;2983.33;23716.06;59930.19;118680.44;26047.97;8245.94;29042.63;339823.69;-339823.69;0
2018;301280;;;1;2;09;0;1;5; 5; 1; 1;99;0;0;0;51210;0;0;0;0;156070;0;0;0;58677.5;0;108379.42;374336.92;-374336.92;0
2018;301280;;;1;2;09;0;1;5; 5; 1; 4; 1;0;0;0;0;27013.59;33841.6;0;0;0;0;8559.11;59224;0;0;-27022.23;101616.07;-101616.07;0
2018;301280;;;1;2;09;0;1;5; 5; 1; 4; 2;0;0;0;23359;30393.7;27619.54;34758.57;34715;22081.15;28523.17;42239.48;32523.44;70911.92;55890.1;45139.32;448154.39;-448154.39;0
2018;301280;;;1;2;09;0;1;5; 5; 1; 4;99;2359492;0;2359492;134397.65;208865.47;35975.01;31585.99;39511.96;42199.01;29375.1;151544.53;202508.2;182575.17;170709.07;109314.87;1338562.03;1020929.97;56.73
2018;301280;;;1;2;09;0;1;9; 1; 1; 1; 1;2832864;12005473;14838337;13777871.89;-57937.79;-2723.75;972931.15;-2999341.04;-32190.61;-1105.91;-33278.77;-24940.13;-21260.64;-24973.3;-22527.25;11530523.85;3307813.15;77.71
2018;301280;;;1;3;19;0;1;8; 2; 2; 1; 1;0;39151;39151;0;0;0;0;0;39151;0;0;0;0;0;0;39151;0;100
2018;301280;;;1;4;13;0;1;4; 1; 2; 2;99;0;3310;3310;0;0;0;0;0;0;0;0;3310;0;0;0;3310;0;100
2018;301280;;;1;4;13;0;1;9; 1; 1; 1; 1;0;10238;10238;10238;0;0;0;0;0;0;0;0;0;0;0;10238;0;100
2018;301280;;;1;5;07;0;1;4; 1; 4; 5; 1;1760665;0;1760665;178109.52;166555.98;141761.17;138684.1;153102.89;174642.25;151816.91;156590.75;153343.07;159277.96;165968.47;157515.18;1897368.25;-136703.25;107.76
2018;301280;;;1;5;07;0;1;5; 1; 1; 1; 1;0;20642;20642;5559.29;3661;3693.41;3287.41;2153.74;2287.27;0;0;0;0;10482.11;2164.14;33288.37;-12646.37;161.27
2018;301280;;;1;5;07;0;1;9; 1; 1; 1; 1;0;2073937;2073937;2073936.64;0;0;0;0;0;0;0;0;0;0;0;2073936.64;0.36;100
2018;301280;;;1;5;08;0;1;1; 2; 1; 1; 1;83689724;2000000;85689724;3830389.11;36005590.8;5422253.75;2600389.58;8312620.1;3600681.66;1838520.4;8270814.46;2728208.17;2257013.4;7191227.43;2724237.65;84781946.51;907777.49;98.94
2018;301280;;;1;5;08;0;1;1; 2; 1; 2; 1;19936172;6332798;26268970;1787419.42;3991753.11;3094916.12;1846586.71;2113865.85;3004187.38;2626829.67;1665580.17;4454739.46;1647742.07;2690956.07;3042455.59;31967031.62;-5698061.62;121.69
2018;301280;;;1;5;08;0;1;1; 3; 3; 3; 1;1359804;0;1359804;46213.59;65562.01;93652.02;57783.3;81834.4;56929.11;55854.57;48783.34;85703.55;46835.14;68068.89;77878.13;785098.05;574705.95;57.74
2018;301280;;;1;5;08;0;1;1; 3; 3; 3; 4;297379;0;297379;30529.23;0;15841.85;44155.41;18342.48;9805.52;7898.09;19287.22;3329.48;16764.55;66525.87;2125.91;234605.61;62773.39;78.89
2018;301280;;;1;5;08;0;1;1; 3; 3; 3; 5;6843457;0;6843457;435362.63;453814.72;411460.88;385073.91;493212.7;462078.69;460035.29;491088.75;436813.22;392614.3;464537.96;422902.37;5308995.42;1534461.58;77.58
2018;301280;;;1;5;08;0;1;1; 5; 2; 1; 1;183695;0;183695;216890.25;202434.17;250737.48;319179.6;64945.16;16350.89;8930.09;10239.08;4978.41;12891.09;18290.34;28699.19;1154565.75;-970870.75;628.52
2018;301280;;;1;5;08;0;1;5; 1; 1; 1; 1;0;90378;90378;15362.05;17268.17;32542.91;7903.57;5393.98;6625.74;2279.1;1737.11;1265.26;1654.94;42726.46;11965.65;146724.94;-56346.94;162.35
2018;301280;;;1;5;08;0;1;9; 1; 1; 1; 1;10467136;7289808;17756944;15383435.6;-40200.48;-67824.88;1847405.44;-32760.55;-30278.77;-31612.39;-50816.39;-15570.23;0;-9295.09;-4778.95;16947703.31;809240.69;95.44
2018;301280;;;1;5;18;0;1;4; 1; 4; 1; 3;6092;0;6092;0;0;0;0;0;0;7952.21;0;0;0;0;0;7952.21;-1860.21;130.54
2018;301280;;;1;5;18;0;1;4; 1; 4; 1; 5;4721;0;4721;549.8;549.8;549.8;549.8;549.85;0;910.52;455.26;455.26;455.26;455.26;455.26;5935.87;-1214.87;125.73
2018;301280;;;1;5;18;0;1;4; 1; 4; 1; 6;0;0;0;0;0;0;12.59;0;0;0;0;1.32;0;0;0;13.91;-13.91;0
2018;301280;;;1;5;18;0;1;4; 1; 4; 2; 1;2054;0;2054;775.25;0;0;686.74;0;0;807.57;0;0;819.62;33.19;0;3122.37;-1068.37;152.01
2018;301280;;;1;5;18;0;1;4; 1; 4; 6; 3;0;200696;200696;0;0;0;124482;0;0;0;0;0;76214;0;0;200696;0;100
2018;301280;;;1;5;18;0;1;5; 1; 1; 1; 1;0;1268;1268;276.11;196.38;198.56;203.59;192.76;200.72;0;0;0;0;1048.69;213.15;2529.96;-1261.96;199.52
2018;301280;;;1;5;18;0;1;9; 1; 1; 1; 1;0;368272;368272;368271.53;0;0;0;0;0;0;0;0;0;0;0;368271.53;0.47;100
2020;301280;;;;2;;;1;1; 5; 3; 1; 1;505548;0;505548;27821.28;138155.06;38334.13;244.4;863.13;5119.8;14862.99;35299.71;46035.03;58967.64;168684.14;40902.08;575289.39;-69741.39;113.8
2020;301280;;;;2;;;1;1; 5; 3; 2; 1;4087294;0;4087294;459872.62;312503.42;104575.62;7669.36;45873.7;58858.36;199827.06;187702.33;185882.53;194142.99;339823.98;283457.2;2380189.17;1707104.83;58.23
2020;301280;;;;2;;;1;2; 1; 1; 1; 1;0;0;0;0;1165.74;-1165.74;0;0;0;0;0;0;0;0;0;0;0;0
2020;301280;;;;2;;;1;3; 1; 9; 1; 2;2592;0;2592;0;0;0;0;0;0;0;0;0;4.7;0;5.1;9.8;2582.2;0.38
2020;301280;;;;2;;;1;3; 2; 1; 1; 1;253326;0;253326;10459.4;26572.1;9373.8;0;0;0;8958.6;10202;13703.6;21406.9;27175;18747.8;146599.2;106726.8;57.87
2020;301280;;;;2;;;1;3; 2; 3; 1; 1;11010;0;11010;1039;800;332;0;0;0;0;0;0;0;0;0;2171;8839;19.72
2020;301280;;;;2;;;1;3; 2; 4; 1; 4;23690;0;23690;2472;2575;1339;0;0;0;824;2163;1751;2781;2266;3296;19467;4223;82.17
2020;301280;;;;2;;;1;3; 2; 4; 1; 6;475111;0;475111;41076.3;33579.3;16019.7;0;0;0;6308.9;28040.1;16855.5;15086.1;15075.7;17294.2;189335.8;285775.2;39.85
2020;301280;;;;2;;;1;3; 2; 4; 1; 7;11311;0;11311;1709.4;1228.6;788.9;0;0;0;0;0;0;0;0;0;3726.9;7584.1;32.95
2020;301280;;;;2;;;1;3; 2; 5; 2; 1;147098;0;147098;13966.1;17813.5;3697.7;0;0;4878.4;8766.5;8065.5;7479.4;9668.3;19313.9;19934.1;113583.4;33514.6;77.22
2020;301280;;;;2;;;1;3; 2; 5; 2; 2;0;0;0;38164.36;33667.9;23459.1;0;0;0;7352;29822.8;23540.4;27300.1;10829;17654.6;211790.26;-211790.26;0
2020;301280;;;;2;;;1;3; 2; 5; 2;99;260760;0;260760;34073.8;37982.8;23677.3;41.3;41.3;8290.7;30320.7;24602.6;37532.6;32024.7;30687.2;23418.2;282693.2;-21933.2;108.41
2020;301280;;;;2;;;1;3; 2; 8; 1; 6;0;0;0;4618.1;1333.3;0;0;0;0;0;0;0;0;0;0;5951.4;-5951.4;0
2020;301280;;;;2;;;1;3; 2; 9; 1; 4;200421;0;200421;39510.1;33176.8;17280.6;0;0;4975.5;14809.4;18270;18265;21056.9;18143.7;15579.5;201067.5;-646.5;100.32
2020;301280;;;;2;;;1;3; 2; 9; 1; 5;44444;0;44444;0;0;0;0;0;0;161.3;806.5;645.2;483.9;106.5;2145.5;4348.9;40095.1;9.79
2020;301280;;;;2;;;1;3; 2; 9; 1; 6;231336;0;231336;25455.5;19923.4;16594.9;0;0;2653;8941.8;11337.9;10253.6;10907.4;22049.3;12180;140296.8;91039.2;60.65
2020;301280;;;;2;;;1;3; 2; 9; 1;99;2863;0;2863;0;0;0;0;0;36.7;0;36.7;0;0;36.7;36.7;146.8;2716.2;5.13
2020;301280;;;;2;;;1;3; 2;10; 1; 5;172171;0;172171;3095.3;4828.3;1904.8;0;0;322.2;2021.8;3921.9;2184.6;4960.8;3847;3098.4;30185.1;141985.9;17.53
2020;301280;;;;2;;;1;3; 2;10; 1;11;901;0;901;60.9;86.1;35.7;0;0;0;29.4;30.3;42;35.7;32.5;18;370.6;530.4;41.13
2020;301280;;;;2;;;1;3; 2;10; 1;99;128668;0;128668;13838.01;69278.32;10523.51;638.31;1618.59;3525.97;5531.48;5475.67;3354.43;3741.93;2545.89;2092.66;122164.77;6503.23;94.95
2020;301280;;;;2;;;1;3; 3; 1; 1; 2;19800;0;19800;336;192;72;0;0;0;1056;936;1116;1284;1104;804;6900;12900;34.85
2020;301280;;;;2;;;1;3; 3; 3; 1; 2;93750;0;93750;7950;5810;2550;0;0;0;0;0;0;0;0;0;16310;77440;17.4
2020;301280;;;;2;;;1;3; 3; 3; 1;99;144293;0;144293;7920;14047.4;1800.2;0;0;540;2701.7;2523.4;1080.3;180;1623.8;1260.7;33677.5;110615.5;23.34
2020;301280;;;;2;;;1;3; 3; 3; 2;99;1124650;0;1124650;153128;91878;41588;0;0;0;-70;-478.33;-538.64;-112;0;0;285395.03;839254.97;25.38
2020;301280;;;;2;;;1;3; 3; 4; 1; 1;16194;0;16194;1696;1030.5;459;0;0;0;0;0;0;0;0;0;3185.5;13008.5;19.67
2020;301280;;;;2;;;1;3; 3; 4; 2; 1;93859;0;93859;665.1;1118;586;0;0;0;0;0;0;23;0;54.1;2446.2;91412.8;2.61
2020;301280;;;;2;;;1;3; 3; 5; 1; 1;1542005;0;1542005;59303.32;72459.64;23034;0;0;7135;9975;7870;8295;9450;10215;9585;217321.96;1324683.04;14.09
2020;301280;;;;2;;;1;3; 3; 9; 2; 4;12529;0;12529;1413.6;880.6;117;0;0;1318.8;438;672;1092.6;473.3;1313.3;659.4;8378.6;4150.4;66.87
2020;301280;;;;2;;;1;3; 3; 9; 2; 7;221305;0;221305;211385.8;95499.6;36521.8;0;0;3972.5;18856.6;18714.9;18159.2;19652.4;19188.6;22024.6;463976;-242671;209.65
2020;301280;;;;2;;;1;3; 3; 9; 2; 9;5975513;0;5975513;218198.12;205077.6;115432.1;0;0;0;1069.7;1313.7;7616.4;7013.9;3970.6;5510.3;565202.42;5410310.58;9.46
2020;301280;;;;2;;;1;3; 3; 9; 2;15;34724;0;34724;24540.6;9523.2;20322.1;0;195.3;5122.7;26755.4;13204;18276;58104.1;10745.7;34786;221575.1;-186851.1;638.1
2020;301280;;;;2;;;1;3; 3; 9; 2;23;20135290;0;20135290;1047039.53;7917461.16;1001416.6;31848.16;1057640.52;826935.36;998431.39;2000662.03;1058577.91;898669.72;2153728.29;994145.24;19986555.91;148734.09;99.26
2020;301280;;;;2;;;1;3; 3; 9; 2;24;37037541;0;37037541;2602027.02;13342440.91;1380085.48;53986.43;1557436.64;1525008.59;2053414.37;3486851.18;2157184.13;1497968.83;4095315.51;2075186.5;35826905.59;1210635.41;96.73
2020;301280;;;;2;;;1;3; 3; 9; 2;27;17277305;0;17277305;1060358.05;7391430.41;762527.69;25321.09;968271.32;843731.54;1116886.84;1797926.83;919002.92;775044.01;2049960.53;984070.87;18694532.1;-1417227.1;108.2
2020;301280;;;;2;;;1;5; 1; 1; 1; 1;0;0;0;119557.82;125324.09;199954.07;148524.28;135404.97;28977.73;15497.53;13792.77;10362.95;7725.38;7203.97;7565.31;819890.87;-819890.87;0
2020;301280;;;;2;;;1;5; 1; 1; 3;99;0;0;0;0;49164;0;0;0;0;0;0;0;0;0;0;49164;-49164;0
2020;301280;;;;2;;;1;5; 1; 2; 2; 1;0;0;0;0;0;0;0;0;0;0;0;0;0;0;1500.25;1500.25;-1500.25;0
2020;301280;;;;2;;;1;5; 1; 2; 2;99;1299696;0;1299696;76266.83;79588.77;78018.08;30980.59;5648.53;70137.66;35131.21;26554.47;28032.38;26893;27523.73;25107.43;509882.68;789813.32;39.23
2020;301280;;;;2;;;1;5; 2; 1; 1; 1;6347261;0;6347261;545880.6;633083.89;247952.71;3109.72;7488.86;98318.45;159919.18;309909.59;679907.35;515401.02;432887.44;337977.54;3971836.35;2375424.65;62.58
2020;301280;;;;2;;;1;5; 2; 1; 5; 1;140357;0;140357;0;21134.15;0;0;0;0;0;6356.01;0;0;0;22725.5;50215.66;90141.34;35.78
2020;301280;;;;2;;;1;5; 2; 2; 1; 3;87975;0;87975;0;0;0;0;0;0;0;0;0;0;0;0;0;87975;0
2020;301280;;;;2;;;1;5; 2; 2; 1;99;0;0;0;25580.72;7707.73;42929.13;0;0;108.08;540640.86;1707.8;21985.38;1272681.05;0;830.1;1914170.85;-1914170.85;0
2020;301280;;;;2;;;1;5; 5; 1; 4; 2;555966;0;555966;46031.93;42228.99;9738;170;1570;2930;21866.05;27548.35;43457.65;44059.9;45451.18;45270.58;330322.63;225643.37;59.41
2020;301280;;;;2;;;1;5; 5; 1; 4;99;1770844;0;1770844;13714.28;206841.53;48860.95;0;758.46;104646.4;14426.93;47797.5;19647.5;107854.82;34932.89;46613.13;646094.39;1124749.61;36.49
2020;301280;;;;2;;;1;9; 1; 1; 1; 1;11376337;35337455;46713792;46713791.34;-76858.39;-1156.8;0;0;0;-7152.99;-6425.58;-41271.9;-31677.07;-14231.91;-7027.84;46527988.86;185803.14;99.6
2020;301280;;;;3;;;1;8; 2; 2; 1; 1;0;692600;692600;0;0;0;0;0;0;0;0;0;0;0;692600;692600;0;100
2020;301280;;;;3;;;1;9; 1; 1; 1; 1;0;5951;5951;5951;0;0;0;0;0;0;0;0;0;0;0;5951;0;100
2020;301280;;;;4;;;1;4; 1; 3; 1; 1;0;236315;236315;0;0;0;137726.74;0;0;0;0;98588;0;0;0;236314.74;0.26;100
2020;301280;;;;5;;;1;1; 2; 1; 1; 1;89840390;0;89840390;6864900.19;40280645.16;4047422.69;182189.73;5294450.94;4315455.27;4179406.09;10061908.52;6175057.95;3101390.49;7670063.61;3846607.46;96019498.1;-6179108.1;106.88
2020;301280;;;;5;;;1;1; 2; 1; 2; 1;29401333;-8075524;21325809;3452649.8;3932747.26;2105616.64;831928.63;0;0;893336.7;3077779.57;1021863.06;2356184.89;2249398.34;1404303.43;21325808.32;0.68;100
2020;301280;;;;5;;;1;1; 3; 3; 3; 1;1168229;-862271;305958;47077.06;74721.56;57608.15;0;126550.69;0;0;0;0;0;0;0;305957.46;0.54;100
2020;301280;;;;5;;;1;1; 3; 3; 3; 5;6705480;-5086793;1618687;367709.01;361892.56;412160.93;0;476889.11;0;0;0;0;0;35.24;0;1618686.85;0.15;100
2020;301280;;;;5;;;1;1; 5; 2; 1; 1;202514;-169989;32525;2546.69;14766.69;0;0;0;547.74;13868.51;81.12;85.98;0;0;933.23;32829.96;-304.96;100.94
2020;301280;;;;5;;;1;4; 1; 4; 1; 3;3394;913;4307;1697;0;0;0;0;0;0;0;2609.68;0;0;0;4306.68;0.32;99.99
2020;301280;;;;5;;;1;4; 1; 4; 1; 5;4107;0;4107;2883.61;0;0;0;0;0;0;0;227.73;227.73;227.73;227.73;3794.53;312.47;92.39
2020;301280;;;;5;;;1;4; 1; 4; 1; 6;0;2;2;0;0;0.37;0;0;0;0;0;1.04;0;0;0;1.41;0.59;70.5
2020;301280;;;;5;;;1;4; 1; 4; 2; 1;1658;0;1658;763.62;0;0;247.25;0;0;210.34;0;0;77.84;40.84;0;1339.89;318.11;80.81
2020;301280;;;;5;;;1;4; 1; 4; 5; 1;1890361;0;1890361;181865.05;0;337928.27;118700.23;90261.39;88648.08;91279.38;116952.41;228492.5;143268.73;146895.78;158664.43;1702956.25;187404.75;90.09
2020;301280;;;;5;;;1;4; 1; 4; 6; 3;0;3377225;3377225;0;0;0;0;0;3367521;0;9704;0;0;0;0;3377225;0;100
2020;301280;;;;5;;;1;5; 1; 1; 1; 1;0;1290;1290;25883.62;15952.66;15325.62;12291.26;3667.31;1495.32;1487.51;1547.09;1788.34;1533.48;1377.26;1571.72;83921.19;-82631.19;6505.52
2020;301280;;;;5;;;1;5; 5; 1; 4;98;0;0;0;0;0;0;0;0;0;0;0;0;0;0;19419.3;19419.3;-19419.3;0
2020;301280;;;;5;;;1;9; 1; 1; 1; 1;15333899;2779053;18112952;11909458.59;-41780.78;-54441.88;0;0;-5900.8;-13674.46;-8936.89;-30601.45;-20504.99;-40276.55;-12327.96;11681012.83;6431939.17;64.49
2019;301280;;;;2;;;1;1; 5; 3; 1; 1;494023;0;494023;22955.48;53583.49;41023.88;42637.26;22471.93;30832.41;19291.8;26357.49;24183.9;102824.56;29466.64;20645.21;436274.05;57748.95;88.31
2019;301280;;;;2;;;1;1; 5; 3; 2; 1;3990473;2400736;6391209;513069.2;251288.46;251492.24;219987.9;846193.84;497409.12;520240.8;1233094.34;582968.7;504806.42;614577.89;356079.85;6391208.76;0.24;100
2019;301280;;;;2;;;1;3; 1; 9; 1; 2;2504;0;2504;0;0;10;0;0;0;10;0;29.2;98;0;0;147.2;2356.8;5.88
2019;301280;;;;2;;;1;3; 2; 1; 1; 1;248256;5854;254110;17543.1;30114.7;20386.6;21086.9;19375.1;19075.3;21054.3;17136.4;24554.5;19328.9;20763.7;23689.6;254109.1;0.9;100
2019;301280;;;;2;;;1;3; 2; 3; 1; 1;11105;0;11105;1230;904;787;759;929;669;763;721;876;798;551;543;9530;1575;85.82
2019;301280;;;;2;;;1;3; 2; 4; 1; 4;23690;7313;31003;4326;2472;3193;2987;2266;2369;2060;2472;2472;2781;1957;1648;31003;0;100
2019;301280;;;;2;;;1;3; 2; 4; 1; 6;475111;0;475111;41938.6;36027.8;38751.6;35762.4;36588.3;29351;33645.4;31625.7;36955.7;35945.1;30024.4;23981.4;410597.4;64513.6;86.42
2019;301280;;;;2;;;1;3; 2; 4; 1; 7;11311;1264;12575;809.4;1218.7;812.2;1136.4;1102;1113.1;745.6;1197;1541.7;788.9;888.3;1221.1;12574.4;0.6;100
2019;301280;;;;2;;;1;3; 2; 5; 2; 1;145928;119788;265716;24072.6;19739.9;26543.3;26849.4;28847.1;14802.1;18596.2;19495;20576.7;24145.1;15580.8;26467.4;265715.6;0.4;100
2019;301280;;;;2;;;1;3; 2; 5; 2; 2;0;420935;420935;43236.7;25879.84;41948.96;53763.3;37452.66;33815.88;29415.84;37075.91;38886.21;27862.83;23694.21;27902.05;420934.39;0.61;100
2019;301280;;;;2;;;1;3; 2; 5; 2;99;263178;173054;436232;43467.7;27848.5;33443.5;36961.3;39017.6;36417.3;28704;40913.8;39474;37937;38877.3;33169.2;436231.2;0.8;100
2019;301280;;;;2;;;1;3; 2; 8; 1; 6;0;29031;29031;1319.5;994;1263.5;808.5;1674;1281;1400;1218;4805.5;4819.5;4910.5;4536.6;29030.6;0.4;100
2019;301280;;;;2;;;1;3; 2; 9; 1; 4;200421;108796;309217;21330.6;21743.3;24568.8;22139.4;24853.8;30142.9;25048.1;22596.8;22792.5;31433.8;28573.5;33992.9;309216.4;0.6;100
2019;301280;;;;2;;;1;3; 2; 9; 1; 5;44444;0;44444;0;0;0;0;0;0;0;0;0;0;0;0;0;44444;0
2019;301280;;;;2;;;1;3; 2; 9; 1; 6;313236;6487;319723;28625.1;11849.6;23526.3;28144.2;29299.2;18782.4;32568.2;22847.3;31760.4;35569.8;28549.5;28200.2;319722.2;0.8;100
2019;301280;;;;2;;;1;3; 2; 9; 1;99;2863;0;2863;0;0;0;0;0;0;0;0;73.4;0;0;0;73.4;2789.6;2.56
2019;301280;;;;2;;;1;3; 2;10; 1; 5;202559;0;202559;3584.5;3785.2;3175.6;4563.4;4669.8;4479.3;4019.1;6285.9;5479.9;4254.7;4876.3;4597.2;53770.9;148788.1;26.55
2019;301280;;;;2;;;1;3; 2;10; 1;11;910;0;910;60.9;69.3;56.7;84;25.2;84;67.2;29.4;75.6;121.8;50.4;14.7;739.2;170.8;81.23
2019;301280;;;;2;;;1;3; 2;10; 1;99;125302;1309;126611;11892.85;65846.18;16440.94;6329.34;5830.07;5364.02;4623.49;3290.54;2075.21;1947.02;1461.66;1509.03;126610.35;0.65;100
2019;301280;;;;2;;;1;3; 3; 1; 1; 2;19800;0;19800;324;300;420;336;264;228;240;204;216;240;168;264;3204;16596;16.18
2019;301280;;;;2;;;1;3; 3; 3; 1; 2;93750;0;93750;11730;4300;4820;6380;6460;6670;4620;7450;8720;6720;4200;6770;78840;14910;84.1
2019;301280;;;;2;;;1;3; 3; 3; 1;99;144297;0;144297;7157.9;15121.5;2927.5;9374.6;10326;7021.6;9187.2;10612.2;8653.7;15120.3;14220.4;15854.8;125577.7;18719.3;87.03
2019;301280;;;;2;;;1;3; 3; 3; 2;99;1207200;0;1207200;153695;103470;99300;79810;92020;75950;94005;74645;35605;42515;82245;66570;999830;207370;82.82
2019;301280;;;;2;;;1;3; 3; 4; 1; 1;16194;0;16194;1554;1335;901.5;1294.5;1154.5;1250.5;1158;1485;1456;643;946.5;831;14009.5;2184.5;86.51
2019;301280;;;;2;;;1;3; 3; 4; 2; 1;85533;0;85533;6127.8;6809.2;2828.7;1643.2;379.8;188.2;1487.5;425.4;2321.4;1483.1;1657.2;1674.1;27025.6;58507.4;31.6
2019;301280;;;;2;;;1;3; 3; 5; 1; 1;1404292;0;1404292;52738.72;64349.4;60068.88;54847.14;55234.72;70668.92;67976.42;66523.41;34519.8;30463.4;22224.72;31982.16;611597.69;792694.31;43.55
2019;301280;;;;2;;;1;3; 3; 9; 2; 4;11208;5751;16959;1109.3;3102.3;1296.1;794.3;1881.6;1797.9;618.8;1051.5;1173.8;1250.2;1260.8;1621.7;16958.3;0.7;100
2019;301280;;;;2;;;1;3; 3; 9; 2; 7;221305;136373;357678;12527.9;12651.1;11294;14167.8;16451.9;17259.7;20728.2;23133.1;32663;45260.9;57900.2;93639.4;357677.2;0.8;100
2019;301280;;;;2;;;1;3; 3; 9; 2; 9;5443499;0;5443499;203630.07;261092.55;249535.35;306007.78;338837.93;272093.42;280218.08;237021.34;235302.86;292031.16;239410.32;168516.93;3083697.79;2359801.21;56.65
2019;301280;;;;2;;;1;3; 3; 9; 2;15;33039;267416;300455;44787.9;21568.7;12481.8;38835.8;19399.6;10593.6;82756.9;6902;12407;2086.8;10387.5;38247.4;300455;0;100
2019;301280;;;;2;;;1;3; 3; 9; 2;23;19719514;2008938;21728452;943045.56;7551522.47;1339822.69;787167.41;2342241.07;1148326.28;844161.16;2211431.75;819210.16;810562.39;2134594.76;796365.33;21728451.03;0.97;100
2019;301280;;;;2;;;1;3; 3; 9; 2;24;36184151;2985398;39169549;1799577.35;12141822.56;2488669.96;1555605.48;4134437.37;1903045.04;1848791.77;4517741.45;1652216.52;1760734.58;3881213.47;1485692.74;39169548.29;0.71;100
2019;301280;;;;2;;;1;3; 3; 9; 2;27;16896332;3161961;20058293;705031.08;6576855.93;943859.31;626205.38;2939668.15;792129.73;768669.7;2507675.09;708869.06;723211.46;2132095.57;634022.03;20058292.49;0.51;100
2019;301280;;;;2;;;1;5; 1; 1; 1; 1;0;2102679;2102679;60854.26;55364.66;66847.95;53729.32;52574.42;270989.39;41787.28;38370.32;899153.38;31852.81;25894.55;505260.53;2102678.87;0.13;100
2019;301280;;;;2;;;1;5; 1; 2; 2;99;1255745;0;1255745;70889.02;81683.19;71275.09;76704.43;71706.05;74485.49;88969.86;73673.08;79659.98;72374.7;73637.06;78946.67;914004.62;341740.38;72.79
2019;301280;;;;2;;;1;5; 2; 1; 1; 1;6132619;0;6132619;563535.88;503899.11;507066.81;470050.15;434078.01;493906.6;482330.27;456805.71;483820.26;594663.15;498410.39;488816.12;5977382.46;155236.54;97.47
2019;301280;;;;2;;;1;5; 2; 1; 5; 1;127597;860;128457;28105.8;0;0;0;0;0;0;53476.91;29.93;21224.61;18854.49;6764.48;128456.22;0.78;100
2019;301280;;;;2;;;1;5; 2; 2; 1; 3;0;11750;11750;0;0;0;0;0;0;11750;0;0;0;0;0;11750;0;100
2019;301280;;;;2;;;1;5; 2; 2; 1;99;85000;1295069;1380069;5535.4;7468.5;42229.66;55785.86;54173.8;144681.22;44655.94;26090.55;25598.26;9072.69;68067.94;896708.26;1380068.08;0.92;100
2019;301280;;;;2;;;1;5; 5; 1; 4; 1;0;30825;30825;30824.03;0;0;0;0;0;0;0;0;0;0;0;30824.03;0.97;100
2019;301280;;;;2;;;1;5; 5; 1; 4; 2;547846;137258;685104;76943.8;57387.04;58458.88;37750.2;34284;40597.88;57585.3;66184.36;65285.18;61257.96;59534.21;69834.82;685103.63;0.37;100
2019;301280;;;;2;;;1;5; 5; 1; 4;99;1710960;0;1710960;135406.07;95564.09;726638.68;9119.56;20565.4;25190.77;78402.03;132105.08;85597.71;109878.63;60930.1;78131.4;1557529.52;153430.48;91.03
2019;301280;;;;2;;;1;9; 1; 1; 1; 1;750056;10502733;11252789;0;11363891.24;-14026.37;-10054.15;-21760.39;-6139.11;-10068.77;-64526.32;-26857.17;-1944.87;-19258.69;-184738.7;11004516.7;248272.3;97.79
2019;301280;;;;3;;;1;9; 1; 1; 1; 1;0;5951;5951;0;5951;0;0;0;0;0;0;0;0;0;0;5951;0;100
2019;301280;;;;4;;;1;9; 1; 1; 1; 1;0;8145;8145;0;8144.09;0;0;0;0;0;0;0;0;0;0;8144.09;0.91;99.99
2019;301280;;;;5;;;1;1; 2; 1; 1; 1;85654471;13404769;99059240;5680306.9;37091011.42;6028365.32;3638216.47;12248599.37;4214053.24;3304881.11;10499690.25;3612981.54;2268621.35;7390267.86;3082244.86;99059239.69;0.31;100
2019;301280;;;;5;;;1;1; 2; 1; 2; 1;30529082;0;30529082;1655477.07;3293480.68;2156147.18;1916076.49;1966682;2656113.6;2555008.8;2923352.77;3593736.11;2640376.22;2607080.1;2398580.28;30362111.3;166970.7;99.45
2019;301280;;;;5;;;1;1; 3; 3; 3; 1;1128724;0;1128724;90078.08;66965;78826.93;48589.33;56895.58;75606.28;53078.53;63314.12;79503.27;45757.9;33110.05;79123.04;770848.11;357875.89;68.29
2019;301280;;;;5;;;1;1; 3; 3; 3; 4;252772;0;252772;4527.8;0;5669.85;14789.61;23112.94;11028.39;26786.58;7829.81;16332.37;9393.91;48410.51;0;167881.77;84890.23;66.42
2019;301280;;;;5;;;1;1; 3; 3; 3; 5;6478724;0;6478724;412914.32;463870.3;448846.24;429709.36;396460.09;382090.99;383425.08;374764.67;425781.23;416605.22;379604.47;358578.51;4872650.48;1606073.52;75.21
2019;301280;;;;5;;;1;1; 5; 2; 1; 1;196232;0;196232;10161.9;17817.86;9897.34;2425.67;2321.6;10115.3;4063.33;3874.06;2011.22;2172.05;0;329.26;65189.59;131042.41;33.22
2019;301280;;;;5;;;1;4; 1; 4; 1; 3;5593;4222;9815;0;3356;0;0;0;0;6458.14;0;0;0;0;0;9814.14;0.86;99.99
2019;301280;;;;5;;;1;4; 1; 4; 1; 5;6513;0;6513;455.26;455.26;455.26;455.26;455.21;0;1153.44;576.72;2306.88;0;0;0;6313.29;199.71;96.93
2019;301280;;;;5;;;1;4; 1; 4; 2; 1;2438;1124;3562;785.33;0;0;817.21;0;0;801.19;0;267.36;888.71;2.07;0;3561.87;0.13;100
2019;301280;;;;5;;;1;4; 1; 4; 5; 1;1663049;343077;2006126;153766.66;211634.88;154305.37;131194.7;173962.66;174732.96;166182.4;156167.31;158616.96;168855.44;174915.21;181791.14;2006125.69;0.31;100
2019;301280;;;;5;;;1;4; 1; 4; 6; 3;0;152771;152771;0;0;0;0;152771;0;0;0;0;0;0;0;152771;0;100
2019;301280;;;;5;;;1;5; 1; 1; 1; 1;0;324462;324462;15558.89;20481.69;39665.27;16198.95;16577.53;30956.32;31117.18;33384.84;38986.97;36143.57;30712.02;14677.3;324460.53;1.47;100
2019;301280;;;;5;;;1;9; 1; 1; 1; 1;0;24958909;24958909;0;16575423.19;-13165.32;-92085.4;-13318.16;8820141.66;-17676.18;-8851.25;-36676.71;-16852.97;-22174.45;-215857.21;24958907.2;1.8;100
ano_eje;sec_ejec;pliego;ejecutora;origen;fuente_financ_agregada;fuente_financ;tipo_recurso;tipo_transaccion;generica;subgenerica;subgenerica_det;especifica;especifica_det;presupuesto;modificacion;pim;m01;m02;m03;m04;m05;m06;m07;m08;m09;m10;m11;m12;total_prog;saldo;porcentaje
2021;301280;;;1;2;09;0;1;1; 5; 3; 1; 1;592251;0;592251;52421.84;43369.85;58676.26;109884.78;62121.25;15736.04;16493.36;35672.95;45447.24;6437.88;18842.72;7461.02;472565.19;119685.81;79.79
2021;301280;;;1;2;09;0;1;1; 5; 3; 2; 1;5523762;0;5523762;334238.79;532730.48;270547.47;118515.08;246322.79;131778.48;100415.77;113991.75;124458.05;97758.51;85765.29;102969.28;2259491.74;3264270.26;40.9
2021;301280;;;1;2;09;0;1;3; 1; 9; 1; 2;0;0;0;0;0;0;0;0;0;0;1160;0;0;0;0;1160;-1160;0
2021;301280;;;1;2;09;0;1;3; 2; 1; 1; 1;253326;0;253326;24800.2;8791.8;35661;22870.7;23972.4;25903.6;30731.7;37483.4;51806.2;38763.6;41230.7;27292.7;369308;-115982;145.78
2021;301280;;;1;2;09;0;1;3; 2; 3; 1; 1;10007;0;10007;5;30;98;114;90;119;155;180;147;181;90;138;1347;8660;13.46
2021;301280;;;1;2;09;0;1;3; 2; 4; 1; 4;24720;0;24720;3914;0;4326;2163;3399;3090;4334;4231;4017;4017;3502;2974;39967;-15247;161.68
2021;301280;;;1;2;09;0;1;3; 2; 4; 1; 6;475112;0;475112;18646.2;0;23225.8;11342.8;15453;11735.2;14265.4;15728.8;17590.3;17804.2;18666.5;13357.8;177816;297296;37.43
2021;301280;;;1;2;09;0;1;3; 2; 4; 1; 7;6594;0;6594;225.4;96.6;257.6;241.5;457.4;425.2;273.7;517.4;326.4;2024.7;934.1;692.5;6472.5;121.5;98.16
2021;301280;;;1;2;09;0;1;3; 2; 5; 2; 1;269783;0;269783;17767.4;7813;12302;16729.5;9730.5;16857.9;13849.6;11099.9;15054.5;14515.5;11703.9;16259.6;163683.3;106099.7;60.67
2021;301280;;;1;2;09;0;1;3; 2; 5; 2; 2;391750;0;391750;42013;47355.1;62939.6;55905.1;29864.5;27003.8;23798.7;33436.1;35563.2;28867.9;18438.3;23654.2;428839.5;-37089.5;109.47
2021;301280;;;1;2;09;0;1;3; 2; 5; 2;99;322058;0;322058;31492.8;23507.2;31568.4;22470.7;18562.8;21873.8;18124.2;18290.4;18202.1;18275.7;18459;14571.6;255398.7;66659.3;79.3
2021;301280;;;1;2;09;0;1;3; 2; 9; 1; 4;200422;0;200422;18304.1;7886.5;17504.4;19544.5;12974.2;14995.9;12551.1;14988.2;19625;22081.8;16937.9;16149.7;193543.3;6878.7;96.57
2021;301280;;;1;2;09;0;1;3; 2; 9; 1; 5;44445;0;44445;2042.1;161.3;483.9;806.5;161.3;483.9;161.3;267.8;0;322.6;0;483.9;5374.6;39070.4;12.09
2021;301280;;;1;2;09;0;1;3; 2; 9; 1; 6;313236;0;313236;27597.5;10854.2;24137.4;16761.5;18271.4;19614.7;14093.8;17161.9;13666.8;15317.4;16690.1;16086.7;210253.4;102982.6;67.12
2021;301280;;;1;2;09;0;1;3; 2; 9; 1;99;2863;0;2863;36.7;0;0;0;0;0;36.7;36.7;0;0;36.7;0;146.8;2716.2;5.13
2021;301280;;;1;2;09;0;1;3; 2;10; 1; 5;208089;0;208089;4067.8;1944;4427.3;8207.2;2926.2;4287.6;3149.1;6057.2;3383.3;2069.04;3432.7;2794.7;46746.14;161342.86;22.46
2021;301280;;;1;2;09;0;1;3; 2;10; 1;11;901;0;901;12;14;21;21;21;30;37;11;41;46;15;19;288;613;31.96
2021;301280;;;1;2;09;0;1;3; 2;10; 1;99;130443;0;130443;9811.23;39915.23;10792.81;6678.77;4274.58;655.46;666.87;576.17;528.59;601.4;714.35;851.04;76066.5;54376.5;58.31
2021;301280;;;1;2;09;0;1;3; 3; 1; 1; 2;19800;0;19800;1080;1008;1075;494;708;732;672;756;792;744;504;708;9273;10527;46.83
2021;301280;;;1;2;09;0;1;3; 3; 3; 1; 2;82866;0;82866;0;0;0;0;0;0;0;0;0;0;0;0;0;82866;0
2021;301280;;;1;2;09;0;1;3; 3; 3; 1;99;144246;0;144246;180.2;360;2344;544;4142.8;1082;1800;6840;2340.9;3061.5;7020;8100;37815.4;106430.6;26.22
2021;301280;;;1;2;09;0;1;3; 3; 3; 2;99;1152300;0;1152300;0;0;0;0;0;0;2250;13770;18370;19100;23490;18610;95590;1056710;8.3
2021;301280;;;1;2;09;0;1;3; 3; 4; 1; 1;16194;0;16194;0;0;0;0;1805.5;2769.5;3763.5;3444.5;4068.5;4033;3762.5;3577.5;27224.5;-11030.5;168.11
2021;301280;;;1;2;09;0;1;3; 3; 4; 2; 1;97351;0;97351;0;0;0;15596;10;5041;1426.7;10201.8;12786.6;9500.2;8239.1;6691.5;69492.9;27858.1;71.38
2021;301280;;;1;2;09;0;1;3; 3; 5; 1; 1;1447468;0;1447468;7155;270;2730;1470;585;6735;9825;12045;12270;10365;8925;8015.1;80390.1;1367077.9;5.55
2021;301280;;;1;2;09;0;1;3; 3; 9; 2; 4;15860;0;15860;455.9;980.4;1991.3;799.6;870.7;58.5;175.5;180.8;239.3;297.8;1886.9;356.3;8293;7567;52.29
2021;301280;;;1;2;09;0;1;3; 3; 9; 2; 7;221307;0;221307;18403.3;9583.4;17430.2;23607.9;19849;24308.8;23567.2;26566.4;36479.3;37232.4;40596.5;42319.8;319944.2;-98637.2;144.57
2021;301280;;;1;2;09;0;1;3; 3; 9; 2; 9;114846;0;114846;21572.8;15413.4;11001.1;17134;69961.2;63545.4;62851.1;66825.5;70613.6;64805.4;67082;56239.7;587045.2;-472199.2;511.16
2021;301280;;;1;2;09;0;1;3; 3; 9; 2;15;36496;0;36496;4815.2;18829.5;6366.8;16248.2;127365.3;22435.5;64588.1;40781.3;16357.9;2833.1;10355.1;18658.3;349634.3;-313138.3;958.01
2021;301280;;;1;2;09;0;1;3; 3; 9; 2;23;24922017;0;24922017;1285316.8;6880932.05;1898313.52;748939.94;2429381.95;929572.48;788874.82;1941724.82;1208225.92;729685.42;1829468.82;832984.21;21503420.75;3418596.25;86.28
2021;301280;;;1;2;09;0;1;3; 3; 9; 2;24;38598548;0;38598548;2384830.75;14170640.45;3395839.52;1446808.14;4343461.13;1806045.11;1328470.92;3765025.97;2124371.22;1901478.18;3080345.44;1822670.63;41569987.46;-2971439.46;107.7
2021;301280;;;1;2;09;0;1;3; 3; 9; 2;27;21685350;0;21685350;1257179.78;6741571.54;1375902.33;688858.12;2196463.44;938536.64;820211.87;2707021.27;935482.65;807478.62;1905238.09;693845.2;21067789.55;617560.45;97.15
2021;301280;;;1;2;09;0;1;5; 1; 1; 1; 1;1728381;0;1728381;6757.48;6773.24;7461.26;6856.47;6777.74;7172.07;6408.29;5816.76;5573.6;6565.68;9232.2;7446.16;82840.95;1645540.05;4.79
2021;301280;;;1;2;09;0;1;5; 1; 2; 2;99;0;0;0;26859.29;19616.34;17300.73;16008.01;14898.22;13143.14;13849.36;13828.04;16000.31;15504.4;15304.3;18399.65;200711.79;-200711.79;0
2021;301280;;;1;2;09;0;1;5; 2; 1; 1; 1;4800000;0;4800000;333319.06;250967.13;232999.02;238727.06;340616.99;293145.79;297343.09;398749.13;440009.62;264921.18;461150.71;958964.15;4510912.93;289087.07;93.98
2021;301280;;;1;2;09;0;1;5; 2; 1; 5; 1;0;0;0;0;0;0;0;67343.35;5322.2;14277.5;6465;0;0;0;0;93408.05;-93408.05;0
2021;301280;;;1;2;09;0;1;5; 2; 2; 1; 1;6595828;0;6595828;0;0;0;0;0;0;0;0;0;0;0;0;0;6595828;0
2021;301280;;;1;2;09;0;1;5; 2; 2; 1;99;0;0;0;143826.63;77994.18;17634.76;40321.5;368723.77;74536.71;36062.52;22785.86;6934.26;397365.49;64772.93;64115.93;1315074.54;-1315074.54;0
2021;301280;;;1;2;09;0;1;5; 5; 1; 1;99;0;0;0;0;0;0;0;0;0;0;243392;65;-1310;0;0;242147;-242147;0
2021;301280;;;1;2;09;0;1;5; 5; 1; 4; 2;753664;0;753664;50531.95;24914.5;31733.65;39939.61;39985.37;21923.06;25825.77;24526.68;19488.46;18253.34;19795.62;18765.32;335683.33;417980.67;44.54
2021;301280;;;1;2;09;0;1;5; 5; 1; 4;99;0;0;0;63979.9;42745.32;42970.7;47766.29;33875.53;66174.15;101918.08;41950.65;69196.06;114447.16;86313.04;44644.04;755980.92;-755980.92;0
2021;301280;;;1;2;09;0;1;9; 1; 1; 1; 1;0;32135686;32135686;10000000;34060960.03;-69546.59;-5558.34;-7440.33;-103468.14;-3076.33;-8148.95;-8796.96;-42622.45;-15607.32;-7319.42;43789375.2;-11653689.2;136.26
2021;301280;;;1;3;19;0;1;8; 2; 2; 1; 1;414676;232823;647499;0;0;0;0;0;232823;0;0;0;0;0;89432.53;322255.53;325243.47;49.77
2021;301280;;;1;3;19;0;1;9; 1; 1; 1; 1;0;0;0;0;5951;0;0;0;0;0;0;0;0;0;0;5951;-5951;0
2021;301280;;;1;4;13;0;1;4; 1; 3; 1; 1;0;0;0;0;0;0;0;0;0;0;0;0;0;3573.75;17742.5;21316.25;-21316.25;0
2021;301280;;;1;4;13;0;1;9; 1; 1; 1; 1;0;0;0;0;60971.99;0;0;0;0;0;0;0;0;0;0;60971.99;-60971.99;0
2021;301280;;;1;5;07;0;1;4; 1; 4; 5; 1;1705451;0;1705451;195601.97;195823.57;177016.93;166969.5;180456.63;191924.96;180019.04;194161.66;215802.55;207899.04;194056.73;225500.65;2325233.23;-619782.23;136.34
2021;301280;;;1;5;07;0;1;5; 1; 1; 1; 1;0;0;0;358.77;371.71;340.46;414.8;420.05;455.56;440.2;469.77;991.72;2347.05;3561.52;5092.96;15264.57;-15264.57;0
2021;301280;;;1;5;07;0;1;9; 1; 1; 1; 1;0;2389318;2389318;0;2389317.04;0;0;0;0;0;0;0;0;0;0;2389317.04;0.96;100
2021;301280;;;1;5;08;0;1;1; 2; 1; 1; 1;101815889;0;101815889;5687911.77;36118449.53;7556654.31;2852523.86;11031152.11;5179175.11;2988945.03;9471928.49;4477036.03;1915947.44;8750955.58;3083145.16;99113824.42;2702064.58;97.35
2021;301280;;;1;5;08;0;1;1; 2; 1; 1; 2;0;0;0;1491602.5;731326.32;663027.08;1191906.03;547339.32;393207.65;1044460.87;1054781.52;460988.2;1098886.2;805918.47;465853.05;9949297.21;-9949297.21;0
2021;301280;;;1;5;08;0;1;1; 2; 1; 2; 1;30728607;0;30728607;2233422.54;2367533.09;1553754.93;0;2984626.61;943662.5;1272952.93;1332603.54;1763353.79;1701716.48;974364.61;1754773.76;18882764.78;11845842.22;61.45
2021;301280;;;1;5;08;0;1;1; 3; 3; 3; 1;679633;0;679633;0;9669.72;27982.52;0;284.73;32722.62;18633.46;0;2395.5;109355.25;105908.86;99305.29;406257.95;273375.05;59.78
2021;301280;;;1;5;08;0;1;1; 3; 3; 3; 4;830867;0;830867;0;0;0;0;0;0;0;0;0;0;0;0;0;830867;0
2021;301280;;;1;5;08;0;1;1; 3; 3; 3; 5;4027398;0;4027398;0;101586.12;142625.48;0;67416.2;66927.28;93630.16;149138.33;167923.28;223614.97;223647.01;249472.36;1485981.19;2541416.81;36.9
2021;301280;;;1;5;08;0;1;1; 5; 2; 1; 1;72776;0;72776;395.45;19786.11;8506.37;1641.1;985.05;1223.19;3239.36;16816.1;2791.83;17776.82;3737.84;12035.53;88934.75;-16158.75;122.2
2021;301280;;;1;5;08;0;1;5; 1; 1; 1; 1;0;0;0;1257.48;1254.72;1140.14;1279.41;1250.58;1296.19;1263.69;1325.87;2659.11;5609.05;9666;11891.06;39893.3;-39893.3;0
2021;301280;;;1;5;08;0;1;9; 1; 1; 1; 1;0;12363412;12363412;10000000;12269274.6;-27850.71;-31137.85;-12324.44;-14269.73;-33099.11;-21634.59;-11893.38;-19909.79;-14828.71;-26488.59;22055837.7;-9692425.7;178.4
2021;301280;;;1;5;18;0;1;4; 1; 4; 1; 3;4085;0;4085;2043;0;0;0;0;0;0;0;0;0;0;0;2043;2042;50.01
2021;301280;;;1;5;18;0;1;4; 1; 4; 1; 5;1731;0;1731;227.73;227.73;227.73;227.73;227.72;0;415.84;207.92;207.92;207.92;207.92;207.92;2594.08;-863.08;149.86
2021;301280;;;1;5;18;0;1;4; 1; 4; 1; 6;0;0;0;0;0;0;0.37;0;0;0;0;0;2.35;0;0;2.72;-2.72;0
2021;301280;;;1;5;18;0;1;4; 1; 4; 2; 1;1658;0;1658;251.12;0.92;79.82;297;11792.94;0;274.48;0;0;279.64;0;0;12975.92;-11317.92;782.62
2021;301280;;;1;5;18;0;1;4; 1; 4; 6; 3;0;691711;691711;0;0;0;691711;0;0;0;0;0;0;0;0;691711;0;100
2021;301280;;;1;5;18;0;1;5; 1; 1; 1; 1;0;0;0;24.55;24.54;22.48;24.9;24.15;25.46;25.7;26.59;53.94;120.45;220.49;296.06;889.31;-889.31;0
2021;301280;;;1;5;18;0;1;9; 1; 1; 1; 1;0;0;0;0;2547819.64;0;0;0;0;0;0;0;0;0;0;2547819.64;-2547819.64;0
2022;301280;;;;2;;;1;1; 5; 3; 1; 1;381000;0;381000;8424.91;31105.72;66460.19;59309.45;19781.5;3091.61;4806.06;8822.46;4903.05;6088.21;14470.27;3484.66;230748.09;150251.91;60.56
2022;301280;;;;2;;;1;1; 5; 3; 2; 1;0;0;0;95068.02;117572.09;199899.8;150178.78;77753.81;52353.7;100280.33;47366.42;39108.72;42030.06;50623.9;24014.14;996249.77;-996249.77;0
2022;301280;;;;2;;;1;1; 5; 3; 2;99;4310827;0;4310827;0;0;0;0;0;0;0;0;0;0;0;0;0;4310827;0
2022;301280;;;;2;;;1;3; 1; 9; 1; 2;0;0;0;0;0;0;0;0;0;0;0;6.5;0;0;0;6.5;-6.5;0
2022;301280;;;;2;;;1;3; 2; 1; 1; 1;212038;0;212038;26226.4;31383;33976.3;23841.6;19661.5;26464.9;22725.7;18866.4;22087.8;22127.6;30943.9;25038.8;303343.9;-91305.9;143.06
2022;301280;;;;2;;;1;3; 2; 3; 1; 1;10150;0;10150;215;255;403;209;138;105;113;250;150;198;146;95;2277;7873;22.43
2022;301280;;;;2;;;1;3; 2; 4; 1; 4;19055;0;19055;3914;2884;3914;1854;2781;2163;1442;3708;3399;2472;3296;2781;34608;-15553;181.62
2022;301280;;;;2;;;1;3; 2; 4; 1; 6;475112;0;475112;20553.5;20420.8;26903;19043.8;21379.4;19140.6;16535.4;26933.7;22032.5;16738.9;24337.9;15611.2;249630.7;225481.3;52.54
2022;301280;;;;2;;;1;3; 2; 4; 1; 7;6558;0;6558;652.5;672;370.4;284.9;416.5;765.9;314.3;362;370.4;670.7;276.5;233.2;5389.3;1168.7;82.18
2022;301280;;;;2;;;1;3; 2; 5; 2; 1;470647;0;470647;8555.1;14917.3;14200.1;10787.2;13693.2;11054.1;11754.7;16780.6;14426.2;15582.84;13055.6;13045.9;157852.84;312794.16;33.54
2022;301280;;;;2;;;1;3; 2; 5; 2; 2;320972;0;320972;47249.9;17545.4;31127.5;37149.3;32989.9;35749.1;18509.8;31795.2;17749.6;35183.4;14203.2;7983.9;327236.2;-6264.2;101.95
2022;301280;;;;2;;;1;3; 2; 5; 2;99;346502;0;346502;16218.6;17819.4;18908.3;13342;13485.3;15725.1;11058.5;17102.3;21646;16268.3;19716.2;14011.3;195301.3;151200.7;56.36
2022;301280;;;;2;;;1;3; 2; 8; 1; 6;2073600;0;2073600;0;9975;45281.9;61943.5;73600.7;78453.5;77680.5;87996;101488.5;91831.5;96729.5;87731.5;812712.1;1260887.9;39.19
2022;301280;;;;2;;;1;3; 2; 9; 1; 4;321250;0;321250;20028.4;18639.2;32385.6;25283.7;22499.6;27131.3;24171.9;23571.7;18598.5;28240.7;31641.6;24751.5;296943.7;24306.3;92.43
2022;301280;;;;2;;;1;3; 2; 9; 1; 5;4349;0;4349;322.6;161.3;161.3;161.3;161.3;0;161.3;0;0;0;161.3;322.6;1613;2736;37.09
2022;301280;;;;2;;;1;3; 2; 9; 1; 6;319722;0;319722;14669.9;12969.6;15455.3;16970.1;18814.6;19051.2;12745.6;19695.2;18715.9;20693.4;26462.8;18839.1;215082.7;104639.3;67.27
2022;301280;;;;2;;;1;3; 2; 9; 1;99;2863;0;2863;0;73.4;36.7;36.7;73.4;36.7;36.7;36.7;0;0;0;0;330.3;2532.7;11.54
2022;301280;;;;2;;;1;3; 2;10; 1; 5;31312;0;31312;2846.5;4302.8;4073.08;3663.4;3318.8;9610.2;3387.5;2555.8;2598;2775.5;6993.7;3366.3;49491.58;-18179.58;158.06
2022;301280;;;;2;;;1;3; 2;10; 1;11;2860;0;2860;13;13;22;20;24;1058.2;26;20;11;5;25;8;1245.2;1614.8;43.54
2022;301280;;;;2;;;1;3; 2;10; 1;99;133226;0;133226;13663.72;43537.27;10250.71;4661.08;4368.21;2138.8;1671.5;1958.12;1450.03;1372.8;1717.46;935.82;87725.52;45500.48;65.85
2022;301280;;;;2;;;1;3; 3; 1; 1; 2;0;0;0;1092;732;1032;720;768;576;720;696;504;468;600;1140;9048;-9048;0
2022;301280;;;;2;;;1;3; 3; 3; 1;99;148992;0;148992;1800.1;3780;180;360;0.1;11.3;23;202;12.6;1.6;0.3;4.1;6375.1;142616.9;4.28
2022;301280;;;;2;;;1;3; 3; 3; 2;99;1425300;0;1425300;28110;23180;29500;30270;40152;36512;35966;47076;43774;35710;38710;29475;418435;1006865;29.36
2022;301280;;;;2;;;1;3; 3; 4; 1; 1;17993;0;17993;4330;4253;5669.5;3572.5;4525;3357;3869.5;4895.5;5398;4296;3903.5;3583.5;51653;-33660;287.07
2022;301280;;;;2;;;1;3; 3; 4; 1; 2;0;0;0;4089.4;4507.1;4419.9;3682.5;4326.5;5242.4;4639.9;3806.6;4857;3859;5843.4;3678;52951.7;-52951.7;0
2022;301280;;;;2;;;1;3; 3; 4; 2; 1;57850;0;57850;16653.4;13197.9;18084.9;14371.9;14612.4;13333.4;11464.1;13223.8;15809.7;12861.6;22674.8;5874.3;172162.2;-114312.2;297.6
2022;301280;;;;2;;;1;3; 3; 5; 1; 1;1434462;0;1434462;13634.6;11870;16031.9;14247.68;16143.34;17542.68;18096.48;23681.02;27386.38;6842.74;952.32;5101.42;171530.56;1262931.44;11.96
2022;301280;;;;2;;;1;3; 3; 9; 2; 4;12591;0;12591;817.5;1891.7;1643.1;659.4;636.7;3607.6;1127.9;1174.3;767.6;537.1;989;1322.6;15174.5;-2583.5;120.52
2022;301280;;;;2;;;1;3; 3; 9; 2; 7;478407;0;478407;35560.5;31219.7;33161.5;18770.6;18527.4;25535.5;22941.3;25407.2;26086.6;20788.8;36364.9;39473.8;333837.8;144569.2;69.78
2022;301280;;;;2;;;1;3; 3; 9; 2; 9;101326;0;101326;66977.2;69816.4;70947.4;54300.8;55556.3;66042;76430.86;99103.62;101904.14;95023.86;85948.1;69417.5;911468.18;-810142.18;899.54
2022;301280;;;;2;;;1;3; 3; 9; 2;15;296741;0;296741;14132.3;70836.9;16280.6;9852.3;55669.9;92221.1;14316.8;2940.3;29345;27643.8;28154.9;42733.5;404127.4;-107386.4;136.19
2022;301280;;;;2;;;1;3; 3; 9; 2;23;26078416;0;26078416;1345702.52;8036367.22;1851098.18;612649.91;2529767.76;742828.7;613056.86;2036676.97;680377.38;681010.86;1624079.07;556984.06;21310599.49;4767816.51;81.72
2022;301280;;;;2;;;1;3; 3; 9; 2;24;39055433;0;39055433;2044580.5;15144212.75;3956464.59;1274005.24;4227108.28;1472040.08;1399416.42;3119176.65;1240102.16;1375078.68;2677223.37;1139337.36;39068746.08;-13313.08;100.03
2022;301280;;;;2;;;1;3; 3; 9; 2;27;20264962;0;20264962;947642.7;6905339.44;1261023.57;530376.18;1931269.04;530230.78;607224.85;1803131.45;484782.24;573464.18;1759556.72;380143.37;17714184.52;2550777.48;87.41
2022;301280;;;;2;;;1;5; 1; 1; 1; 1;826619;0;826619;6199.1;5696.03;31158.21;26968.21;22123.63;20018.78;11611.74;7657.44;674442.99;307347.14;13023.8;6743.91;1132990.98;-306371.98;137.06
2022;301280;;;;2;;;1;5; 1; 2; 2;99;932097;0;932097;22798.83;15901.59;20355.37;24234.94;26212.78;36859.43;38490.83;37378.6;42984.42;46799.17;42692.36;46678.26;401386.58;530710.42;43.06
2022;301280;;;;2;;;1;5; 2; 1; 1; 1;5211620;0;5211620;281511.35;364771.88;552218.43;440739.28;369888.28;409897.66;348797.11;397906.29;351428.52;387226.76;348880.27;250484.4;4503750.23;707869.77;86.42
2022;301280;;;;2;;;1;5; 2; 1; 5; 1;3913272;0;3913272;0;0;0;0;0;0;0;0;0;5718.61;0;0;5718.61;3907553.39;0.15
2022;301280;;;;2;;;1;5; 2; 2; 1;99;0;0;0;122400.77;160439.04;45810.75;31239.54;145362.49;31131.45;19329.69;9480.42;260696.93;21667.35;155628.64;119851.69;1123038.76;-1123038.76;0
2022;301280;;;;2;;;1;5; 5; 1; 4; 2;650383;0;650383;30901.93;35630.92;47155.14;43607.71;31854.74;15743.94;16049.67;23350.01;21443.43;18739.5;18197.89;9757.93;312432.81;337950.19;48.04
2022;301280;;;;2;;;1;5; 5; 1; 4;99;0;0;0;76917.4;56698.09;120469.93;132664.38;92083.25;82067.26;94816.21;102773.44;56922.87;90900.35;144013.69;161975.42;1212302.29;-1212302.29;0
2022;301280;;;;2;;;1;9; 1; 1; 1; 1;0;29499836;29499836;8000000;21442239.96;-717089.83;-20415.47;-265078.49;-63011.81;-241972.47;-6860.36;-83;0;0;2629420.87;30757149.4;-1257313.4;104.26
2022;301280;;;;3;;;1;9; 1; 1; 1; 1;0;17522;17522;0;8643;0;8878.2;0;0;0;0;0;0;0;0;17521.2;0.8;100
2022;301280;;;;4;;;1;4; 1; 3; 1; 1;0;1659881;1659881;24149.75;0;0;0;49978.5;0;19978.75;20246.25;209746.5;333375;346923.75;655482.25;1659880.75;0.25;100
2022;301280;;;;4;;;1;9; 1; 1; 1; 1;0;21316;21316;0;0;0;21316.25;0;0;0;0;0;0;0;0;21316.25;-0.25;100
2022;301280;;;;5;;;1;1; 2; 1; 1; 1;96657841;3161541;99819382;9794827.3;43789330.18;7778725;2754644.44;13660192.28;3454638.37;2062406.9;9065848.98;3383117.6;2594879.87;6676541.81;2065090.66;107080243.4;-7260861.39;107.27
2022;301280;;;;5;;;1;1; 2; 1; 1; 2;5711939;0;5711939;602694.55;503130.8;459191.25;298783.19;372808.63;283808.48;427705.7;595284.33;297218.14;394996.78;303520.14;265367.11;4804509.1;907429.9;84.11
2022;301280;;;;5;;;1;1; 2; 1; 2; 1;32669632;0;32669632;2537263.97;2280181.99;1997126.59;1753019.47;1641446.7;1700313.45;0;2212076.42;2804794.61;1518811.97;0;3512417.04;21957452.21;10712179.79;67.21
2022;301280;;;;5;;;1;1; 3; 3; 3; 1;0;0;0;41516;104672.04;116167.5;127679.43;56064.45;93937.05;94139.74;54821.64;74500;78881.72;36083.39;49434.23;927897.19;-927897.19;0
2022;301280;;;;5;;;1;1; 3; 3; 3; 4;175740;0;175740;0;0;0;0;0;0;0;0;0;0;0;0;0;175740;0
2022;301280;;;;5;;;1;1; 3; 3; 3; 5;0;0;0;260626.8;260644.47;258085.79;232170.33;282149.17;256796.88;290363.81;248831.94;322647.81;285790.47;319983.75;273211.48;3291302.7;-3291302.7;0
2022;301280;;;;5;;;1;1; 5; 2; 1; 1;34690;0;34690;398.7;398.7;675.5;1486.75;528.8;74.83;4719.54;4928.55;0;645.09;1970.4;0;15826.86;18863.14;45.62
2022;301280;;;;5;;;1;4; 1; 4; 1; 3;2958;2720;5678;0;0;0;0;0;0;5677.22;0;0;0;0;0;5677.22;0.78;99.99
2022;301280;;;;5;;;1;4; 1; 4; 1; 5;2183;251;2434;207.92;207.92;207.92;207.92;207.92;0;346.68;173.34;173.34;173.34;173.34;173.34;2252.98;181.02;92.56
2022;301280;;;;5;;;1;4; 1; 4; 1; 6;0;7;7;0;0;0;0;0.07;0;0;0;0;0;6.18;0;6.25;0.75;89.29
2022;301280;;;;5;;;1;4; 1; 4; 2; 1;6536;-5266;1270;235;0;3.59;355.04;0.64;1.93;342.09;0.64;1.93;328.27;0;0;1269.13;0.87;99.93
2022;301280;;;;5;;;1;4; 1; 4; 5; 1;2080757;553086;2633843;234152.82;232513.24;186157.98;173429.12;212355.94;232296.44;215442.75;220206.61;245017.36;240707.57;209596.05;231967.04;2633842.92;0.08;100
2022;301280;;;;5;;;1;4; 1; 4; 6; 3;0;1187894;1187894;0;0;0;0;1187894;0;0;0;0;0;0;0;1187894;0;100
2022;301280;;;;5;;;1;5; 1; 1; 1; 1;0;168285;168285;18511.67;20906.17;21008.59;28778.03;33027.65;38868.93;44080.36;46791.14;61618.13;60590.78;65141.58;63112.37;502435.4;-334150.4;298.56
2022;301280;;;;5;;;1;9; 1; 1; 1; 1;0;21762271;21762271;8000000;13648870.77;-207812.8;3147.05;-12307.11;-99313.34;-10023.45;-30795.99;0;0;0;-48330.34;21243434.79;518836.21;97.62
2023;301280;;;;2;;;1;1; 5; 3; 1; 1;381381;0;381381;35869.06;49626.09;58362.55;35686.04;31647.37;40425.02;39709.51;20213.06;32458.31;31298.48;47621.84;35070.96;457988.29;-76607.29;120.09
2023;301280;;;;2;;;1;1; 5; 3; 2; 1;0;0;0;155755.86;171385.22;125143.66;192226.3;308512.45;129710.24;136995.63;248189.19;134022.21;144036.53;201879.4;135566.04;2083422.73;-2083422.73;0
2023;301280;;;;2;;;1;1; 5; 3; 2;99;4315138;0;4315138;0;0;0;0;0;0;0;0;0;0;0;0;0;4315138;0
2023;301280;;;;2;;;1;3; 2; 1; 1; 1;244611;0;244611;19184.7;24958.3;25900.6;21182.9;29480;15309.8;21517.3;25980.9;18807.8;21402.1;19614.2;17157.5;260496.1;-15885.1;106.49
2023;301280;;;;2;;;1;3; 2; 3; 1; 1;8400;0;8400;228;114;163;104;110;123;138;190;202;134;175;107;1788;6612;21.29
2023;301280;;;;2;;;1;3; 2; 4; 1; 4;19055;0;19055;2987;2472;2575;1751;3193;2678;2369;2472;2060;3708;2575;1236;30076;-11021;157.84
2023;301280;;;;2;;;1;3; 2; 4; 1; 6;475112;0;475112;26438.8;28224.3;33900.4;25990.2;37949.7;33477.3;35619.8;38985.8;30672.3;34665.4;33925.9;26857.7;386707.6;88404.4;81.39
2023;301280;;;;2;;;1;3; 2; 4; 1; 7;6558;0;6558;443.1;516.9;477.5;179.9;179.9;338.1;473.5;390.8;197.6;177.1;161;64.4;3599.8;2958.2;54.89
2023;301280;;;;2;;;1;3; 2; 5; 2; 1;163836;0;163836;8457.1;12248.8;15066.1;8678.7;15002.8;12416.9;11213.9;13837.4;12615.3;15771.2;13914.2;13857.9;153080.3;10755.7;93.44
2023;301280;;;;2;;;1;3; 2; 5; 2; 2;428892;0;428892;25825.1;26671.3;29887.5;22539;20238.1;33622.2;21448.9;19137.9;22786.3;16695.7;30679.8;33089.6;302621.4;126270.6;70.56
2023;301280;;;;2;;;1;3; 2; 5; 2;99;252689;0;252689;20812.7;17184.1;19660.5;14472.3;19330.4;22365.1;18418.5;22854;19913.3;15627.5;18631.1;11886;221155.5;31533.5;87.52
2023;301280;;;;2;;;1;3; 2; 8; 1; 6;2419607;0;2419607;94056;92787.5;104019.5;88536.5;95923.5;96422.5;90812;103904.5;98984.5;100782;89029;77620;1132877.5;1286729.5;46.82
2023;301280;;;;2;;;1;3; 2; 9; 1; 4;201250;0;201250;26260.1;26023.6;27172.5;20800.4;33512.3;27996.4;22888.3;29593.7;26678.5;25748.4;32337.8;23749.9;322761.9;-121511.9;160.38
2023;301280;;;;2;;;1;3; 2; 9; 1; 5;4349;0;4349;483.9;161.3;161.3;483.9;0;161.3;161.3;161.3;161.3;161.3;0;161.3;2258.2;2090.8;51.92
2023;301280;;;;2;;;1;3; 2; 9; 1; 6;140297;0;140297;20937.7;21313.6;18190.9;13159.3;19275.2;19559.4;13285.3;18629.8;18846.1;14527.1;23508.1;15273.3;216505.8;-76208.8;154.32
2023;301280;;;;2;;;1;3; 2; 9; 1;99;2863;0;2863;0;0;36.7;0;0;36.7;0;36.7;36.7;36.7;36.7;0;220.2;2642.8;7.69
2023;301280;;;;2;;;1;3; 2;10; 1; 5;34530;0;34530;3521.2;4221.3;5802.7;3815.5;4622.1;5926.4;5032.7;13496.2;7837.6;4004;4396.2;4986;67661.9;-33131.9;195.95
2023;301280;;;;2;;;1;3; 2;10; 1;11;144;0;144;19;27;15;33;74;56;62;77;35;56;61;29;544;-400;377.78
2023;301280;;;;2;;;1;3; 2;10; 1;99;133359;0;133359;13382.87;53386.05;14279.13;6094.35;4654.05;3756.58;3044.06;2440.54;1320.59;937.19;955.53;755.99;105006.93;28352.07;78.74
2023;301280;;;;2;;;1;3; 3; 1; 1; 2;0;0;0;1344;900;984;816;1188;888;804;1188;1020;912;804;792;11640;-11640;0
2023;301280;;;;2;;;1;3; 3; 3; 1; 2;0;0;0;0;0;0;450;0;90;0;0;0;0;0;0;540;-540;0
2023;301280;;;;2;;;1;3; 3; 3; 1;99;148992;0;148992;2.8;1.9;1.9;6.7;0;0;2;0;0;0;0;0;15.3;148976.7;0.01
2023;301280;;;;2;;;1;3; 3; 3; 2;99;1425300;0;1425300;119544;44960;68156;34170;55242;42756;61658;47112;71450;47156;38910;128414;759528;665772;53.29
2023;301280;;;;2;;;1;3; 3; 4; 1; 1;17993;0;17993;4801.5;4709.5;4865.5;4293.5;4077;4795;4579;5637.5;5348.5;4945.5;5109;3550;56711.5;-38718.5;315.19
2023;301280;;;;2;;;1;3; 3; 4; 1; 2;0;0;0;390;110;130;90;6347.2;4424.9;4756.4;4086.6;4053.3;5029.1;4338.3;3596.8;37352.6;-37352.6;0
2023;301280;;;;2;;;1;3; 3; 4; 2; 1;57850;0;57850;2160;1052.7;8431.7;12863.2;13441.1;8662.5;4009;25507.5;6098.1;5331.9;8680.6;11332.2;107570.5;-49720.5;185.95
2023;301280;;;;2;;;1;3; 3; 5; 1; 1;1430462;0;1430462;59245.66;79511.66;84458.54;82563.88;107102.66;99999.06;98099.58;111236.92;102629.72;98025.4;62178.62;63749.84;1048801.54;381660.46;73.32
2023;301280;;;;2;;;1;3; 3; 9; 2; 4;16647;0;16647;555;518.5;723.2;1273.4;1201.8;636.7;1308.7;1074.7;397.4;361.6;1016.2;180.8;9248;7399;55.55
2023;301280;;;;2;;;1;3; 3; 9; 2; 7;478407;0;478407;45307.1;55043.1;40102.9;42230.7;47500.2;36973.8;51567.7;54059.9;63995.3;52180.7;57594.5;50111.8;596667.7;-118260.7;124.72
2023;301280;;;;2;;;1;3; 3; 9; 2; 9;99599;0;99599;20219.66;30532.16;35945.68;40705.74;62335.14;48549.64;51415.72;63903.78;55636.38;45102.84;33550.32;32268.72;520165.78;-420566.78;522.26
2023;301280;;;;2;;;1;3; 3; 9; 2;15;300285;0;300285;4154.5;48300;30934;19402.1;17152.4;37220.2;13701.8;49889;33074;3630.1;38980.4;27119.4;323557.9;-23272.9;107.75
2023;301280;;;;2;;;1;3; 3; 9; 2;23;26104494;0;26104494;1171425.07;7389289;1699471.37;724415.82;2340489.87;718368.3;775995.68;2406002.29;679801.07;604728.43;2328333.85;669565.99;21507886.74;4596607.26;82.39
2023;301280;;;;2;;;1;3; 3; 9; 2;24;39094488;0;39094488;1620039.21;12723567.2;2771855.49;1655770.47;4120987.38;1342696.51;1169192.19;4569520.62;1230603.06;1088287.16;4074390.01;1008699.58;37375608.88;1718879.12;95.6
2023;301280;;;;2;;;1;3; 3; 9; 2;27;20285227;0;20285227;1059012.61;8492232.58;1414281.2;872606.83;2319054.39;838389.19;779830.94;2861504.64;880416.29;713189.97;2646360.78;688079.8;23564959.22;-3279732.22;116.17
2023;301280;;;;2;;;1;5; 1; 1; 1; 1;1100658;0;1100658;2497.89;7868.04;45297.11;207209.45;185794.63;176162.75;175727.69;153694.1;139072.49;95212.73;63565.2;58305.5;1310407.58;-209749.58;119.06
2023;301280;;;;2;;;1;5; 1; 2; 2;99;0;0;0;48035.13;49759.26;48467.21;58349.48;49019.3;57512.54;56152.86;50358.49;57609.37;56453.82;55149.06;60302.43;647168.95;-647168.95;0
2023;301280;;;;2;;;1;5; 2; 1; 1; 1;5063282;0;5063282;242676.74;301579.41;359152.66;341952.87;480103.89;434705.56;452117.16;392467.59;439282.6;429622.66;368927.1;305682.35;4548270.59;515011.41;89.83
2023;301280;;;;2;;;1;5; 2; 1; 5; 1;1309774;0;1309774;6455.23;0;0;0;0;0;0;0;0;0;0;0;6455.23;1303318.77;0.49
2023;301280;;;;2;;;1;5; 2; 2; 1;99;0;0;0;8965.01;58308.85;1240;39600;2587;6470.43;3798.97;51008.19;4445.95;574268.54;6157.25;110973.51;867823.7;-867823.7;0
2023;301280;;;;2;;;1;5; 5; 1; 4; 2;651033;0;651033;42350.28;52023.33;80150.04;48554.48;54249.07;47457.98;58677.78;94912.75;105043.91;133325.39;124164.2;94740.09;935649.3;-284616.3;143.72
2023;301280;;;;2;;;1;5; 5; 1; 4;98;0;0;0;0;0;0;0;0;0;7082;0;35195;0;28420;0;70697;-70697;0
2023;301280;;;;2;;;1;5; 5; 1; 4;99;0;0;0;6148.36;121164.7;92249.7;60834.18;234506.65;69800.01;57581.63;70914.58;108671.03;122033.07;90871.47;157525.68;1192301.06;-1192301.06;0
2023;301280;;;;2;;;1;9; 1; 1; 1; 1;5000000;0;5000000;0;0;0;0;0;0;0;0;0;496.54;0;0;496.54;4999503.46;0.01
2023;301280;;;;3;;;1;9; 1; 1; 1; 1;0;17522;17522;0;0;17521.2;0;0;0;0;0;0;0;-17521.2;0;0;17522;0
2023;301280;;;;4;;;1;4; 1; 3; 1; 1;0;720987;720987;0;0;0;495562.5;29543.75;20013.75;21582.5;20542.5;35233.75;36135;62370;0;720983.75;3.25;100
2023;301280;;;;4;;;1;9; 1; 1; 1; 1;0;1139613;1139613;0;0;1139612.94;0;0;0;0;0;0;0;0;0;1139612.94;0.06;100
2023;301280;;;;5;;;1;1; 2; 1; 1; 1;96754499;7794414;104548913;9230632.66;49849939.26;7827785.62;3314797.45;12370847.82;3996337.57;2839581.81;9408180.99;3715947.31;2647383.63;8638929.76;3035583.23;116875947.1;-12327034.11;111.79
2023;301280;;;;5;;;1;1; 2; 1; 1; 2;5717651;0;5717651;751442.23;500972.28;691157.85;393852.91;1038411.02;275950.05;389193.88;304941.35;220572.2;307891.27;346036.8;331655.79;5552077.63;165573.37;97.1
2023;301280;;;;5;;;1;1; 2; 1; 2; 1;32817632;0;32817632;0;1459535.78;1463554.8;1304974.37;1134524.45;1419114.88;1805462.51;1264552.35;1586161.54;2006700.31;2020876.1;1787108.06;17252565.15;15565066.85;52.57
2023;301280;;;;5;;;1;1; 3; 3; 3; 1;0;0;0;113376.49;66610.51;47691.13;132362.34;89305.93;105385.81;76614.66;84769.42;12650.55;89083.78;60291.68;70007.8;948150.1;-948150.1;0
2023;301280;;;;5;;;1;1; 3; 3; 3; 4;175916;0;175916;0;0;0;0;0;0;25652.35;12905.33;12088.58;5505.09;5891.13;5239.79;67282.27;108633.73;38.25
2023;301280;;;;5;;;1;1; 3; 3; 3; 5;0;0;0;293415.89;305262.25;266855.22;246188.54;285656.04;256009.16;268404.32;235900.85;253344.5;245250.52;277099.19;254987.6;3188374.08;-3188374.08;0
2023;301280;;;;5;;;1;1; 3; 3; 3;10;1552335;0;1552335;0;0;0;0;0;0;0;0;0;0;0;0;0;1552335;0
2023;301280;;;;5;;;1;1; 5; 2; 1; 1;34725;0;34725;0;564.42;0;0;2633.19;1.77;0;2075.98;0;0;3093.44;0;8368.8;26356.2;24.1
2023;301280;;;;5;;;1;4; 1; 4; 1; 3;2261;0;2261;1131;0;0;0;0;0;0;0;0;0;0;0;1131;1130;50.02
2023;301280;;;;5;;;1;4; 1; 4; 1; 5;2042;0;2042;173.34;0;346.68;173.34;173.31;257.14;257.14;257.14;257.14;257.14;257.14;257.14;2666.65;-624.65;130.59
2023;301280;;;;5;;;1;4; 1; 4; 1; 6;0;0;0;0;0;0;0;0.26;0;0;0;0;5.58;0;0;5.84;-5.84;0
2023;301280;;;;5;;;1;4; 1; 4; 2; 1;1070;0;1070;350.72;0;0;38.85;310.45;0;306.94;0;0;298.37;0;0;1305.33;-235.33;121.99
2023;301280;;;;5;;;1;4; 1; 4; 5; 1;2408355;5340;2413695;205125.81;235465.84;194925.97;183201.59;198451.05;206273.71;186726.53;178552.89;192285.96;194964.1;218674.17;219047.13;2413694.75;0.25;100
2023;301280;;;;5;;;1;4; 1; 4; 6; 3;0;228472;228472;0;0;0;0;138419;0;0;90053;0;0;0;0;228472;0;100
2023;301280;;;;5;;;1;5; 1; 1; 1; 1;0;301143;301143;67436.13;74352.08;72517.6;87559.17;81508.89;98197.63;148827.19;185307.69;215772.6;236624.1;268315.12;245613.58;1782031.78;-1480888.78;591.76
2023;301280;;;;5;;;1;9; 1; 1; 1; 1;7000000;18489392;25489392;0;-20960.27;25396365.72;-59245.48;-156789.63;-33287.39;-67684.98;-50862.92;-11050.32;-4058.94;0;-29253.01;24963172.78;526219.22;97.94
2024;301280;;;;2;;;1;1; 5; 3; 1; 1;478828;0;478828;21079.7;55313.25;115615.6;73780.56;102234.7;52410.71;28230.68;120617.88;21663.74;30494.79;28202.64;32587.4;682231.65;-203403.65;142.48
2024;301280;;;;2;;;1;1; 5; 3; 2; 1;0;0;0;107260.07;99802.88;354640.77;155652.66;217676.39;132242.66;605112.91;148697.02;232291.61;247727.46;205543.99;139194.46;2645842.88;-2645842.88;0
2024;301280;;;;2;;;1;1; 5; 3; 2;99;3367549;0;3367549;0;0;0;0;0;0;0;0;0;0;0;0;0;3367549;0
2024;301280;;;;2;;;1;3; 1; 9; 1; 2;0;0;0;0;8;0;0;0;0;0;0;2380;0;0;0;2388;-2388;0
2024;301280;;;;2;;;1;3; 2; 1; 1; 1;248570;0;248570;20655.1;30370;20799.5;25680.9;25595.4;12639.8;18074.7;16869.1;24856.1;27644.6;16635.1;27072.2;266892.5;-18322.5;107.37
2024;301280;;;;2;;;1;3; 2; 3; 1; 1;3060;0;3060;220;131;195;126;165;104;66;142;156;171;212;112;1800;1260;58.82
2024;301280;;;;2;;;1;3; 2; 4; 1; 4;37080;0;37080;3708;3090;2987;2575;2266;1133;1957;2678;3090;3090;2678;2266;31518;5562;85
2024;301280;;;;2;;;1;3; 2; 4; 1; 6;268187;0;268187;34798.1;35640.1;31426.9;34293.3;33395.6;27448.9;32478.1;33457;32171.1;38694.4;32666.5;24740.7;391210.7;-123023.7;145.87
2024;301280;;;;2;;;1;3; 2; 4; 1; 7;3504;0;3504;374.7;354.2;593.4;356.4;289.8;195.4;82.7;133.2;499.1;163.2;96.6;98.8;3237.5;266.5;92.39
2024;301280;;;;2;;;1;3; 2; 5; 2; 1;195735;0;195735;11014.8;11248;9595.7;14554.4;12485;11714.6;14937.8;13122.3;13007.4;10882.6;19378.1;22123.6;164064.3;31670.7;83.82
2024;301280;;;;2;;;1;3; 2; 5; 2; 2;374086;0;374086;32378.4;13648.1;28546.1;32081.2;28112.7;27510.9;24572.3;13236.4;14259.5;25166.4;16606.7;45378.3;301497;72589;80.6
2024;301280;;;;2;;;1;3; 2; 5; 2;99;203155;0;203155;15539.1;20219.3;12767.5;24091.3;19101;16174.3;14844;22492.2;19931.4;20054.8;18660.5;10447.2;214322.6;-11167.6;105.5
2024;301280;;;;2;;;1;3; 2; 8; 1; 6;1162557;0;1162557;90108;94989;77856.5;93805;88381.5;76366;83436;83632.5;78346.5;81288;69306.1;65313;982828.1;179728.9;84.54
2024;301280;;;;2;;;1;3; 2; 8; 1;99;0;0;0;0;0;0;0;0;0;0;0;0;1135.4;0;0;1135.4;-1135.4;0
2024;301280;;;;2;;;1;3; 2; 9; 1; 4;201250;0;201250;25879.9;22856.9;24434.2;27873.8;29567.6;24494.3;25703.9;20647.6;26730.9;23212;21500.2;33931.7;306833;-105583;152.46
2024;301280;;;;2;;;1;3; 2; 9; 1; 5;4349;0;4349;645.2;106.5;161.3;0;322.6;0;0;0;0;0;0;0;1235.6;3113.4;28.41
2024;301280;;;;2;;;1;3; 2; 9; 1; 6;140297;0;140297;19062.4;12477.5;18498.9;21177.8;19416.6;14323.4;35077.7;20273.4;20460.3;27118.7;18263.5;8626.8;234777;-94480;167.34
2024;301280;;;;2;;;1;3; 2; 9; 1;99;3267;0;3267;0;0;0;36.7;36.7;0;0;0;0;0;36.7;0;110.1;3156.9;3.37
2024;301280;;;;2;;;1;3; 2;10; 1; 5;29300;0;29300;7165.5;5366.9;5644.9;5596.6;6799.1;5785.6;6474.3;5622.7;5490.3;8635.8;7332.1;6886.3;76800.1;-47500.1;262.12
2024;301280;;;;2;;;1;3; 2;10; 1;11;180;0;180;47;32;47;33;48;31;33;36;45;38;56;32;478;-298;265.56
2024;301280;;;;2;;;1;3; 2;10; 1;99;138505;0;138505;7564.73;63618.54;13263.66;7198.75;5130.42;2797.56;2509.19;1988.66;1077.14;1129.75;800.99;725.34;107804.73;30700.27;77.83
2024;301280;;;;2;;;1;3; 3; 1; 1; 2;0;0;0;1200;1080;828;1248;1260;816;960;936;984;1092;888;924;12216;-12216;0
2024;301280;;;;2;;;1;3; 3; 3; 1; 2;101850;0;101850;0;240;220;370;220;480;500;110;130;130;130;0;2530;99320;2.48
2024;301280;;;;2;;;1;3; 3; 3; 1;99;250;0;250;0;1.5;4;2;4;2;2;0;13.1;1.1;0.7;2;32.4;217.6;12.96
2024;301280;;;;2;;;1;3; 3; 3; 2;99;575554;0;575554;76554;44950;62300;53858;55710;47096;58162;59354;61520;58376;40090;144660;762630;-187076;132.5
2024;301280;;;;2;;;1;3; 3; 4; 1; 1;70542;0;70542;5231.5;3386.5;4534.5;4922;4199;3559.5;4511.5;3942;5024.5;4663.5;3796.5;3935;51706;18836;73.3
2024;301280;;;;2;;;1;3; 3; 4; 1; 2;49788;0;49788;4256.8;2756.9;4759.2;4577.6;4376.5;3786;3770.6;2811.6;4409.4;3947.7;2009.5;1906.6;43368.4;6419.6;87.11
2024;301280;;;;2;;;1;3; 3; 4; 2; 1;256948;0;256948;17425.3;12485.1;16219.9;15554.1;20100.1;13263.3;5397.5;8775.9;15453.3;14102.2;16295;11221.1;166292.8;90655.2;64.72
2024;301280;;;;2;;;1;3; 3; 5; 1; 1;551844;0;551844;93182.66;87517.4;89166.74;99553.58;94861.58;85026.56;86229.16;77566.24;76860.48;80645.14;56985.52;69205.62;996800.68;-444956.68;180.63
2024;301280;;;;2;;;1;3; 3; 9; 2; 4;16646;0;16646;1197;799.6;1721.5;1133.2;1589.1;1115.3;980.4;2253.8;893.4;356.3;1367.2;902.9;14309.7;2336.3;85.96
2024;301280;;;;2;;;1;3; 3; 9; 2; 7;480523;0;480523;48336.8;47651.5;46424.4;39161.7;42261.3;30558;38610.5;32510.4;30869.6;38597;33973.3;67789.3;496743.8;-16220.8;103.38
2024;301280;;;;2;;;1;3; 3; 9; 2; 9;89175;0;89175;59018.14;24423.62;4137.02;4990.74;7773.86;6286.26;12372.24;7742.84;11908.64;9861.94;9144.42;10126.14;167785.86;-78610.86;188.15
2024;301280;;;;2;;;1;3; 3; 9; 2;15;300284;0;300284;77032.5;22117.2;3614.3;56159.4;72096.8;8825.1;11513.6;9162.5;11123;11555.53;99411.5;5306;387917.43;-87633.43;129.18
2024;301280;;;;2;;;1;3; 3; 9; 2;23;23836767;0;23836767;615759.14;7382343.76;1550518.19;992271.31;2194728.74;583685.22;687532.64;1944726.34;619121.62;511440.01;2298867.98;540118.56;19921113.51;3915653.49;83.57
2024;301280;;;;2;;;1;3; 3; 9; 2;24;39856882;0;39856882;1443380.26;17171256.14;3277189.69;2629345.24;4937208.69;1498722.73;1485369.27;4595793.64;1333431.87;1391396.11;5038744.62;1589535.98;46391374.24;-6534492.24;116.39
2024;301280;;;;2;;;1;3; 3; 9; 2;27;21850557;0;21850557;747274;8497408;1654789.05;1397989.82;2461530.17;805430.25;688051.86;2267467.47;768293.3;635475.53;3004797.99;585411.07;23513918.51;-1663361.51;107.61
2024;301280;;;;2;;;1;5; 1; 1; 1; 1;1997990;0;1997990;40206.33;50556.15;117661.19;90332.55;113153.85;139480.26;151702.76;177487.98;181323.86;162951.55;174312.29;135146.05;1534314.82;463675.18;76.79
2024;301280;;;;2;;;1;5; 1; 2; 2;99;438581;0;438581;61099.76;52668.4;62496.03;62468.93;66796.7;61607.6;65108.13;61240.67;66264.38;65480.16;66332.84;60873.41;752437.01;-313856.01;171.56
2024;301280;;;;2;;;1;5; 2; 1; 1; 1;4303092;0;4303092;337312.67;257697.31;270493.95;362506.73;403829.67;402840.74;414563.77;421041.79;451924.72;377055.87;283667.28;370136.71;4353071.21;-49979.21;101.16
2024;301280;;;;2;;;1;5; 2; 1; 5; 1;63824;0;63824;0;0;0;0;0;0;0;0;0;0;0;0;0;63824;0
2024;301280;;;;2;;;1;5; 2; 2; 1; 3;0;0;0;0;0;0;0;0;10100;0;0;0;0;18441.8;4000;32541.8;-32541.8;0
2024;301280;;;;2;;;1;5; 2; 2; 1;99;0;0;0;298390.43;88205.98;38914.17;76849.05;346132.12;21814.4;168009.8;208628.01;140032.26;47666.25;10868;55025.17;1500535.64;-1500535.64;0
2024;301280;;;;2;;;1;5; 5; 1; 1;99;0;0;0;0;0;0;0;0;0;0;0;290800;0;0;550;291350;-291350;0
2024;301280;;;;2;;;1;5; 5; 1; 4; 2;646193;0;646193;64042.62;57539.09;45619.61;76548.24;101545.22;94015.18;93761.39;111991.73;94194.76;108233.56;88497.01;93816.2;1029804.61;-383611.61;159.36
2024;301280;;;;2;;;1;5; 5; 1; 4;13;0;0;0;0;0;0;0;-7373.65;-12820.8;-8726.17;-14982.12;-30798.41;-21616.77;-22401.79;-2341.36;-121061.07;121061.07;0
2024;301280;;;;2;;;1;5; 5; 1; 4;98;0;0;0;0;61568;35725;0;51831;22034;13713;0;33105;0;60106;0;278082;-278082;0
2024;301280;;;;2;;;1;5; 5; 1; 4;99;0;0;0;21370.79;63371.17;109415.89;60887.42;17191.92;88694.06;166122.52;117095.83;497014.2;4273.15;32701.71;137637.66;1315776.32;-1315776.32;0
2024;301280;;;;2;;;1;9; 1; 1; 1; 1;28168980;0;28168980;0;0;11872433.6;-22178.62;-2824.26;0;0;0;0;-96790.71;0;0;11750640.01;16418339.99;41.71
2024;301280;;;;4;;;1;4; 1; 3; 1; 1;1651136;0;1651136;197010.01;0;40532.5;0;69262.5;0;20461.25;25492.5;19698.75;23432.5;18926.25;132097.5;546913.76;1104222.24;33.12
2024;301280;;;;4;;;1;9; 1; 1; 1; 1;0;134187;134187;0;0;1238409.2;0;0;0;0;0;0;0;0;0;1238409.2;-1104222.2;922.9
2024;301280;;;;5;;;1;1; 2; 1; 1; 1;117815727;0;117815727;5026084.29;47639620.85;7555908.35;3900530.91;13288709.72;2816589.76;1908040.62;11896453.74;2573159.86;1939641.6;10934195.53;2664919.28;112143854.5;5671872.49;95.19
2024;301280;;;;5;;;1;1; 2; 1; 1; 2;5851842;0;5851842;636585.19;648650.45;791060.79;598817.45;358416.52;242004.84;663452.86;361161.27;434093.85;409057.58;357338.21;279366.68;5780005.69;71836.31;98.77
2024;301280;;;;5;;;1;1; 2; 1; 2; 1;22312879;0;22312879;2899082.9;0;1635026.26;3536921.94;2124371.9;1595934.4;2721344.45;2025742.5;2209822.78;1681165.64;1600928.34;3707610.34;25737951.45;-3425072.45;115.35
2024;301280;;;;5;;;1;1; 3; 3; 3; 1;826397;0;826397;60451.26;110651.65;52299.19;53101.88;62003.94;78450.29;78516.75;53303.68;55601.87;64981.18;52653.98;60462.93;782478.6;43918.4;94.69
2024;301280;;;;5;;;1;1; 3; 3; 3; 4;0;0;0;1272.24;2274.3;1121.67;4929.88;4144.15;704.97;3825.9;0;0;3482.86;0;8523.5;30279.47;-30279.47;0
2024;301280;;;;5;;;1;1; 3; 3; 3; 5;3169698;0;3169698;300747.6;301671.25;305453.87;280890.79;285477.9;233591.58;232313.74;267814.8;293285.65;271878.25;243118.79;282890.49;3299134.71;-129436.71;104.08
2024;301280;;;;5;;;1;1; 5; 2; 1; 1;27438;0;27438;0;0;0;0;0;0;0;0;0;0;118.42;0;118.42;27319.58;0.43
2024;301280;;;;5;;;1;4; 1; 4; 1; 3;2242;-1552;690;756.55;0;0;0;0;0;0;0;139.89;0;0;0;896.44;-206.44;129.92
2024;301280;;;;5;;;1;4; 1; 4; 1; 5;2410;246;2656;257.14;257.14;257.14;257.14;0;257.1;456.7;228.35;228.35;228.35;228.35;228.35;2884.11;-228.11;108.59
2024;301280;;;;5;;;1;4; 1; 4; 1; 6;0;0;0;0;0;0;4.36;0;0;0;0;0;0;0;0;4.36;-4.36;0
2024;301280;;;;5;;;1;4; 1; 4; 2; 1;0;0;0;321.84;0;0;45.57;8.47;0;42.83;217.15;0;1122.67;0;0;1758.53;-1758.53;0
2024;301280;;;;5;;;1;4; 1; 4; 5; 1;2687730;0;2687730;189188.46;257947.69;181036.06;176375.21;201703.2;214303.09;200322.24;191197.23;182028.91;227569.58;201452.03;334467.24;2557590.94;130139.06;95.16
2024;301280;;;;5;;;1;4; 1; 4; 6; 3;0;155323;155323;0;0;0;0;155323;0;0;0;0;0;0;0;155323;0;100
2024;301280;;;;5;;;1;5; 1; 1; 1; 1;0;558730;558730;226335.84;180092.07;167340.52;220100.27;288967.55;310253.83;310697.01;313255.7;288245.48;252590.88;262795.23;219740.14;3040414.52;-2481684.52;544.17
2024;301280;;;;5;;;1;5; 5; 1; 4;13;0;0;0;0;0;0;0;-9282.39;-35916.93;-31989.22;-18401.36;-13582.4;-15934.03;-4731.19;-4039.23;-133876.75;133876.75;0
2024;301280;;;;5;;;1;9; 1; 1; 1; 1;3391932;49929244;53321176;17174259.04;-62999.01;35955592.62;-10767.1;-28008.35;0;0;0;0;0;0;0;53028077.2;293098.8;99.45
2025;301280;;;;2;;;1;1; 5; 3; 1; 1;1166777;0;116548556;75800.15;51302.82;137745.42;70451.31;121458.98;89321.65;96147.87;27965.44;25370.05;29865.99;22613.23;0;748042.91;-748042.91;0
2025;301280;;;;2;;;1;1; 5; 3; 2; 1;5558091;0;1166777;191090.98;143195.84;96787.94;275907.46;191053.8;238610.05;130699.14;132721.9;303829.03;132634.69;103678.97;0;1940209.8;-1940209.8;0
2025;301280;;;;2;;;1;3; 2; 1; 1; 1;20722008;0;5558091;24366.4;21687.6;35509.1;23302.7;19059.8;28577.7;24941.8;32617.2;36878.7;33201.3;21343.3;0;301485.6;-301485.6;0
2025;301280;;;;2;;;1;3; 2; 3; 1; 1;8468;0;20722008;439;355;276;227;296;294;302;606;1632;1575;213;0;6215;-6215;0
2025;301280;;;;2;;;1;3; 2; 4; 1; 4;23339745;0;8468;2163;2369;2884;3399;2060;2781;3296;3811;3399;2678;1751;0;30591;-30591;0
2025;301280;;;;2;;;1;3; 2; 4; 1; 6;142512;0;23339745;41678.4;41087.7;42733.3;35865.2;40005.2;37515.7;40752.9;45204.9;44198.1;40596;35872.2;0;445509.6;-445509.6;0
2025;301280;;;;2;;;1;3; 2; 4; 1; 7;218050;0;142512;241.5;243.7;372.5;144.9;570.1;292;177.1;354.2;305.9;112.7;179.3;0;2993.9;-2993.9;0
2025;301280;;;;2;;;1;3; 2; 5; 2; 1;195734;0;218050;23016;29838;46959.1;41793;21530.8;45160.9;29354.9;80762.3;52105.7;78243.9;33498.82;0;482263.42;-482263.42;0
2025;301280;;;;2;;;1;3; 2; 5; 2; 2;323084;0;195734;23951.4;15198.2;28735.2;16594.2;37800.4;36302.1;31691.5;13055.3;22486.8;36026.5;44107.7;0;305949.3;-305949.3;0
2025;301280;;;;2;;;1;3; 2; 5; 2;99;382937;0;323084;13602.5;10520.3;12819.9;8903.7;12461.2;10468.3;11785;12185.7;12772.4;12949.9;11636.3;0;130105.2;-130105.2;0
2025;301280;;;;2;;;1;3; 2; 8; 1; 6;2628220;0;382937;78890;74367;62229.5;78661;90958.5;92476.3;86586.2;89649.5;101218.5;93651.8;84521;0;933209.3;-933209.3;0
2025;301280;;;;2;;;1;3; 2; 9; 1; 4;661605;0;2628220;41764.5;35037.4;55870.7;52831;52076.5;42934.7;50147.6;47635.2;50343.3;51601.8;34737.6;0;514980.3;-514980.3;0
2025;301280;;;;2;;;1;3; 2; 9; 1; 5;1053528;0;661605;598.9;1196.5;0;475.2;0;0;158.4;0;158.4;0;0;0;2587.4;-2587.4;0
2025;301280;;;;2;;;1;3; 2;10; 1; 5;215250;0;1053528;10032.9;7864.8;3807.1;3651.4;4481.6;4241.8;3887.7;4674.2;5622.7;5712.1;5553.8;0;59530.1;-59530.1;0
2025;301280;;;;2;;;1;3; 2;10; 1;11;3396912;0;215250;27;33;57;42;32;27;39;30;36;34;67;0;424;-424;0
2025;301280;;;;2;;;1;3; 2;10; 1;99;240;0;3396912;13130.37;57189.26;20646.88;7778.8;4620.01;2813.06;1990.82;1289.31;1274.55;654.54;1051.84;0;112439.44;-112439.44;0
2025;301280;;;;2;;;1;3; 3; 1; 1; 2;49788;0;240;1248;1188;1020;780;1032;732;984;720;984;600;0;0;9288;-9288;0
2025;301280;;;;2;;;1;3; 3; 3; 1; 2;560668;0;49788;0;0;1620;710;620;1150;1500;1910;3010;3350;2320;0;16190;-16190;0
2025;301280;;;;2;;;1;3; 3; 3; 1;99;115040;0;560668;0;0;1435.2;62.4;1331.2;0;395.2;769.6;314;2;124.8;0;4434.4;-4434.4;0
2025;301280;;;;2;;;1;3; 3; 3; 2;99;3169698;0;115040;102340;93020;88620;85680;73560;79060;71880;87950;57370;68420;41720;0;849620;-849620;0
2025;301280;;;;2;;;1;3; 3; 4; 1; 1;53454;0;3169698;5429;4526;4128.5;6175;6858.5;7136.5;7115.5;7453.5;9731.5;8560.5;7691.5;0;74806;-74806;0
2025;301280;;;;2;;;1;3; 3; 4; 1; 2;44160429;0;53454;1580.8;3696.5;3485.9;3370.8;2169;2772.9;7232.1;10844.1;13125.6;13558.9;10859.1;0;72695.7;-72695.7;0
2025;301280;;;;2;;;1;3; 3; 4; 2; 1;78920;0;44160429;25146.5;19638.7;17668.4;27213.6;32143.6;33922.3;27569.5;27387.7;17282.2;10971.8;8411.4;0;247355.7;-247355.7;0
2025;301280;;;;2;;;1;3; 3; 5; 1; 1;348908;0;78920;78969.54;83275.84;90414.7;87744.18;79858.94;63037.7;76547.08;74216.76;57274.78;7516.16;39878.56;0;738734.24;-738734.24;0
2025;301280;;;;2;;;1;3; 3; 9; 2; 4;229;0;348908;1593.8;655.6;1077.4;586;476;300.9;644.4;139.2;307.6;2240.8;523;0;8544.7;-8544.7;0
2025;301280;;;;2;;;1;3; 3; 9; 2; 7;611;0;229;91213.8;78253.5;93970.1;96121.9;100839.6;115685.7;115367.3;99844;140344.5;112987.3;113189.7;0;1157817.4;-1157817.4;0
2025;301280;;;;2;;;1;3; 3; 9; 2; 9;876397;0;611;16293.08;9024.32;6304.92;11673.24;5125.24;6077.94;6709.68;5622.2;6135.86;8084.24;6459.62;0;87510.34;-87510.34;0
2025;301280;;;;2;;;1;3; 3; 9; 2;15;4349;0;876397;7156.3;35785.9;3544;3009.6;972.4;1173.3;6011.2;2101.5;24398.4;1944.8;1944.8;0;88042.2;-88042.2;0
2025;301280;;;;2;;;1;3; 3; 9; 2;23;243043;0;4349;1554829.24;7038523.57;1900026.71;640637.74;2151743.18;675762.62;498624.02;1773582.71;726645.5;429156.94;2220711.59;0;19610243.82;-19610243.82;0
2025;301280;;;;2;;;1;3; 3; 9; 2;24;1038146;0;1729563;2413827.26;15786310.91;5362005.6;1542769.51;5028589.36;1679827.26;1176041.06;3845914.11;2199663.58;1053210.93;4903575.72;0;44991735.3;-44991735.3;0
2025;301280;;;;2;;;1;3; 3; 9; 2;27;2231973;0;1038146;1852962.31;7729932.85;2458459.78;588625.68;3002264.34;766557.59;557468.52;2194071;988974.05;528149.54;3089454.9;0;23756920.56;-23756920.56;0
2025;301280;;;;2;;;1;5; 1; 1; 1; 1;84000;0;2231973;159252.5;144656.84;135462.89;195261.78;193761.23;200929.91;216856.42;192426.45;189607.16;157668.93;161058.22;0;1946942.33;-1946942.33;0
2025;301280;;;;2;;;1;5; 1; 2; 2;99;1788;0;84000;66983.9;61551.4;68499.61;77050.14;66666.89;19670.75;81654.04;110944.94;74488.25;79373.31;69275.52;0;776158.75;-776158.75;0
2025;301280;;;;2;;;1;5; 2; 1; 1; 1;30900;0;1788;400215.1;407784.1;652013.99;476053.63;579007.69;713203.96;844626.83;621739.65;548870.41;655255.79;637650.87;0;6536422.02;-6536422.02;0
2025;301280;;;;2;;;1;5; 2; 2; 1; 3;934600;0;30900;332317.83;102008.16;0;0;0;0;0;0;0;0;0;0;434325.99;-434325.99;0
2025;301280;;;;2;;;1;5; 2; 2; 1;99;535;0;934600;247955.04;143607.5;130424.96;162760.25;99524.12;147707.64;17025.82;830515.33;7426.9;191866.88;305206.55;0;2284020.99;-2284020.99;0
2025;301280;;;;2;;;1;5; 5; 1; 1;99;16646;0;205641;0;0;1261;0;0;0;0;0;471.5;0;0;0;1732.5;-1732.5;0
2025;301280;;;;2;;;1;5; 5; 1; 4; 2;201786;0;535;90450.36;56557.41;104902.25;65780.13;98069.55;114950.9;118675.08;104385.21;120216.17;115188.97;116009.63;0;1105185.66;-1105185.66;0
2025;301280;;;;2;;;1;5; 5; 1; 4;13;1030000;0;16646;0;0;-64753.07;-298427.45;-17923.29;-64107.45;-6040.49;-309905.48;-61482.71;-24392.68;-23971.81;0;-871004.43;871004.43;0
2025;301280;;;;2;;;1;5; 5; 1; 4;98;305450;0;201786;61476;0;35979;17460;15663;31921;0;17244;28353;12477;10828;0;231401;-231401;0
2025;301280;;;;2;;;1;5; 5; 1; 4;99;10954453;0;1030000;256576.68;82148.15;101247.6;97220.99;2131.72;178795.04;106928.08;7875.45;111302.3;29882.66;35685.31;0;1009793.98;-1009793.98;0
2025;301280;;;;2;;;1;9; 1; 1; 1; 1;5851842;19992390;305450;0;38728493.68;0;0;-23.87;0;0;0;0;0;0;0;38728469.81;-7781626.81;125.15
2025;301280;;;;4;;;1;4; 1; 3; 1; 1;24619235;918193;30946843;0;83687.5;47398.75;165582.5;0;128051.25;47882.5;83861.25;0;247502.5;114222.5;0;918188.75;4.25;100
2025;301280;;;;4;;;1;9; 1; 1; 1; 1;284;1486520;5851842;0;1729550.35;0;0;0;0;0;0;0;0;0;0;1729550.35;12.65;100
2025;301280;;;;5;;;1;1; 2; 1; 1; 1;73486;0;24619235;8750638.27;45152907.82;11238511.48;3714858.52;13056291.34;3183772.48;1993593.34;12322158.27;2934181.58;2004838.23;11495323.61;0;115847074.9;-115847074.9;0
2025;301280;;;;5;;;1;1; 2; 1; 1; 2;15243467;0;284;746554.67;571586.83;394768.19;502014.37;329865.94;500667.54;252192.99;230983.59;362946.02;242470.78;120683.55;0;4254734.47;-4254734.47;0
2025;301280;;;;5;;;1;1; 2; 1; 2; 1;310762;0;73486;2520779.43;1393538.18;2152274.62;2667410.27;1937000.86;2603457.21;2709555.1;1940019.59;2283168.79;3596904.31;3174669.84;0;26978778.2;-26978778.2;0
2025;301280;;;;5;;;1;1; 3; 3; 3; 1;416422;0;30386410;9232.9;91459.22;93898.73;19176.87;81542.79;66700.33;56103.97;75015.57;85437.38;52900.99;77071.55;0;708540.3;-708540.3;0
2025;301280;;;;5;;;1;1; 3; 3; 3; 4;1101979;0;310762;6833.01;4836.08;0;0;6792.34;0;0;0;0;0;0;0;18461.43;-18461.43;0
2025;301280;;;;5;;;1;1; 3; 3; 3; 5;2822;0;416422;300903.89;244153.22;284812.93;223046.41;266124.98;239523.29;256892.69;233829.6;255094.79;249883.73;249106.49;0;2803372.02;-2803372.02;0
2025;301280;;;;5;;;1;1; 5; 2; 1; 1;487115;0;918193;0;0;0;723.6;0;0;0;2468.58;1638.24;551.32;0;0;5381.74;-5381.74;0
2025;301280;;;;5;;;1;4; 1; 4; 1; 3;3504;0;1101979;42.44;0;0;0;0;6215.9;0;0;10.17;0;0;0;6268.51;-6268.51;0
2025;301280;;;;5;;;1;4; 1; 4; 1; 5;0;0;2822;228.35;228.35;228.35;228.35;228.4;0;408;204;204;204;204;0;2365.8;-2365.8;0
2025;301280;;;;5;;;1;4; 1; 4; 2; 1;0;0;487115;276.3;0;0;328.92;0;0.85;208.25;0;0;4.58;237.56;0;1056.46;-1056.46;0
2025;301280;;;;5;;;1;4; 1; 4; 5; 1;0;0;3504;244408.82;292446.82;224400.15;193349.57;187203.39;203405.96;219224.78;219171.02;224618.31;229574.45;229580.93;0;2467384.2;-2467384.2;0
2025;301280;;;;5;;;1;4; 1; 4; 6; 3;0;;;0;0;0;0;205641;0;0;0;0;0;0;0;205641;0;100
2025;301280;;;;5;;;1;5; 1; 1; 1; 1;0;0;0;201297.03;127534.9;107545.65;210926.5;231378.86;230254.02;228157.15;223706.63;214319.61;187682.58;176788.01;0;2139590.94;-2139590.94;0
2025;301280;;;;5;;;1;5; 5; 1; 4;13;116548556;0;0;0;0;-137578.1;-21172.1;-14320.93;-3326.78;-14934.43;-26972.73;-31649.1;-14088.1;-2704.15;0;-266746.42;266746.42;0
2025;301280;;;;5;;;1;9; 1; 1; 1; 1;;;;0;42278473.81;0;0;514933.02;-0.02;0;0;0;0;0;0;42793406.81;-11376996.81;136.21
;;;;;;;;;;;;;;;;;;;;;;;;;;;;;;;
